date,momentum_long_short,naive_basket
2003-04-11 00:00:00+00:00,0.00488745,0.00157912
2003-04-14 00:00:00+00:00,-0.01192261,0.00824766
2003-04-15 00:00:00+00:00,-0.00005780,0.00834047
2003-04-16 00:00:00+00:00,0.00929225,-0.00333815
2003-04-17 00:00:00+00:00,-0.00261722,0.01052135
2003-04-21 00:00:00+00:00,-0.00946145,0.00013882
2003-04-22 00:00:00+00:00,-0.02345897,-0.00048462
2003-04-23 00:00:00+00:00,-0.01327571,-0.00925052
2003-04-24 00:00:00+00:00,0.00316503,-0.00219073
2003-04-25 00:00:00+00:00,0.00792959,-0.00586067
2003-04-28 00:00:00+00:00,-0.02556864,-0.00295943
2003-04-29 00:00:00+00:00,0.00910548,0.00482915
2003-04-30 00:00:00+00:00,0.00966610,0.00680136
2003-05-01 00:00:00+00:00,0.00067193,0.00162345
2003-05-02 00:00:00+00:00,-0.01592176,0.00122772
2003-05-05 00:00:00+00:00,0.00828435,0.00913176
2003-05-06 00:00:00+00:00,0.00356818,0.00222098
2003-05-07 00:00:00+00:00,0.01592775,0.00464107
2003-05-08 00:00:00+00:00,0.01338386,0.00294852
2003-05-09 00:00:00+00:00,0.00207131,0.00883542
2003-05-12 00:00:00+00:00,-0.01426120,0.00705539
2003-05-13 00:00:00+00:00,0.00803266,0.00745771
2003-05-14 00:00:00+00:00,0.00206387,0.00327610
2003-05-15 00:00:00+00:00,0.01555158,0.00073692
2003-05-16 00:00:00+00:00,-0.00436996,0.00017655
2003-05-19 00:00:00+00:00,0.00788424,-0.01057106
2003-05-20 00:00:00+00:00,0.00553735,0.00339614
2003-05-21 00:00:00+00:00,-0.00299766,0.00016238
2003-05-22 00:00:00+00:00,-0.02585165,-0.00264902
2003-05-23 00:00:00+00:00,0.00107072,0.00214435
2003-05-27 00:00:00+00:00,-0.02825667,0.00290997
2003-05-28 00:00:00+00:00,-0.00828753,0.00420124
2003-05-29 00:00:00+00:00,0.01656343,0.00714630
2003-05-30 00:00:00+00:00,-0.01844632,0.00616607
2003-06-02 00:00:00+00:00,-0.01391165,0.00289846
2003-06-03 00:00:00+00:00,-0.01005558,-0.00163950
2003-06-04 00:00:00+00:00,-0.01504829,0.00172889
2003-06-05 00:00:00+00:00,-0.00188389,0.00505880
2003-06-06 00:00:00+00:00,0.01969731,0.00130918
2003-06-09 00:00:00+00:00,-0.00195131,-0.00630317
2003-06-10 00:00:00+00:00,0.00137047,0.00458144
2003-06-11 00:00:00+00:00,-0.00777307,0.00440658
2003-06-12 00:00:00+00:00,-0.02642647,-0.00731378
2003-06-13 00:00:00+00:00,-0.01422889,-0.00595365
2003-06-16 00:00:00+00:00,-0.00577220,0.00640365
2003-06-17 00:00:00+00:00,0.00325417,0.00185710
2003-06-18 00:00:00+00:00,0.00046009,-0.00428718
2003-06-19 00:00:00+00:00,0.01508520,0.00220423
2003-06-20 00:00:00+00:00,0.00098737,-0.00337398
2003-06-23 00:00:00+00:00,0.00178525,-0.00922519
2003-06-24 00:00:00+00:00,-0.00260861,-0.00348418
2003-06-25 00:00:00+00:00,0.02508378,0.00142334
2003-06-26 00:00:00+00:00,-0.03900683,-0.01416387
2003-06-27 00:00:00+00:00,0.01796630,-0.00095700
2003-06-30 00:00:00+00:00,-0.00575673,0.00131436
2003-07-01 00:00:00+00:00,-0.00188046,0.00229286
2003-07-02 00:00:00+00:00,-0.01475959,0.00357533
2003-07-03 00:00:00+00:00,0.00395443,-0.00374770
2003-07-07 00:00:00+00:00,-0.02048616,0.00860731
2003-07-08 00:00:00+00:00,0.00123115,0.00385057
2003-07-09 00:00:00+00:00,0.00265969,0.00248516
2003-07-10 00:00:00+00:00,0.00409980,-0.00738817
2003-07-11 00:00:00+00:00,-0.00423005,0.00167920
2003-07-14 00:00:00+00:00,0.00389749,0.00127500
2003-07-15 00:00:00+00:00,0.03447043,-0.01620676
2003-07-16 00:00:00+00:00,-0.00847176,-0.00455480
2003-07-17 00:00:00+00:00,-0.00607868,-0.00365759
2003-07-18 00:00:00+00:00,-0.00111579,0.00162421
2003-07-21 00:00:00+00:00,-0.00764342,-0.00475985
2003-07-22 00:00:00+00:00,-0.02033232,-0.00352047
2003-07-23 00:00:00+00:00,-0.01816132,0.00376584
2003-07-24 00:00:00+00:00,-0.00691615,-0.00342193
2003-07-25 00:00:00+00:00,0.00448935,0.00409510
2003-07-28 00:00:00+00:00,-0.01252676,0.00232018
2003-07-29 00:00:00+00:00,0.00010548,-0.00545727
2003-07-30 00:00:00+00:00,0.00392028,0.00188169
2003-07-31 00:00:00+00:00,0.00812785,-0.00085216
2003-08-01 00:00:00+00:00,0.02037458,0.00440912
2003-08-04 00:00:00+00:00,-0.01898730,-0.00209120
2003-08-05 00:00:00+00:00,-0.00835783,-0.00610216
2003-08-06 00:00:00+00:00,-0.00839704,0.00473400
2003-08-07 00:00:00+00:00,0.01706218,0.01017428
2003-08-08 00:00:00+00:00,-0.01026611,0.00006737
2003-08-11 00:00:00+00:00,0.01094110,0.00097372
2003-08-12 00:00:00+00:00,-0.00350114,0.00108995
2003-08-13 00:00:00+00:00,-0.00224503,-0.00624866
2003-08-14 00:00:00+00:00,-0.00662538,-0.00229527
2003-08-15 00:00:00+00:00,-0.00531182,0.00177584
2003-08-18 00:00:00+00:00,-0.01623606,0.01053691
2003-08-19 00:00:00+00:00,0.01468232,0.00113528
2003-08-20 00:00:00+00:00,0.00037263,0.00448831
2003-08-21 00:00:00+00:00,0.02350282,0.00313902
2003-08-22 00:00:00+00:00,-0.01354089,0.00160721
2003-08-25 00:00:00+00:00,-0.00546464,-0.00489062
2003-08-26 00:00:00+00:00,0.00433481,0.00174814
2003-08-27 00:00:00+00:00,-0.01006074,-0.00169239
2003-08-28 00:00:00+00:00,-0.00097242,0.01029132
2003-08-29 00:00:00+00:00,-0.00800337,0.00091628
2003-09-02 00:00:00+00:00,-0.00131515,-0.00959122
2003-09-03 00:00:00+00:00,-0.00355887,0.00638244
2003-09-04 00:00:00+00:00,-0.00382439,0.00276850
2003-09-05 00:00:00+00:00,-0.00830509,0.00209293
2003-09-08 00:00:00+00:00,-0.00799607,0.00268555
2003-09-09 00:00:00+00:00,-0.00083826,0.00187738
2003-09-10 00:00:00+00:00,-0.00369269,0.00097149
2003-09-11 00:00:00+00:00,0.02233761,-0.00421183
2003-09-12 00:00:00+00:00,-0.00460829,-0.00237047
2003-09-15 00:00:00+00:00,-0.00216447,-0.00033327
2003-09-16 00:00:00+00:00,0.01552616,-0.00062175
2003-09-17 00:00:00+00:00,-0.00065863,0.00170423
2003-09-18 00:00:00+00:00,-0.00080170,0.00165226
2003-09-19 00:00:00+00:00,-0.00164823,0.00321173
2003-09-22 00:00:00+00:00,0.00215923,-0.00711217
2003-09-23 00:00:00+00:00,0.00444820,0.00090424
2003-09-24 00:00:00+00:00,-0.01967907,0.00228394
2003-09-25 00:00:00+00:00,-0.00974545,-0.00269009
2003-09-26 00:00:00+00:00,-0.01657416,-0.00362563
2003-09-29 00:00:00+00:00,0.03060428,0.01472969
2003-09-30 00:00:00+00:00,-0.01887992,-0.00209206
2003-10-01 00:00:00+00:00,0.00367766,0.00427607
2003-10-02 00:00:00+00:00,0.00906280,0.00281145
2003-10-03 00:00:00+00:00,0.02008854,-0.00060078
2003-10-06 00:00:00+00:00,0.00690823,0.00541762
2003-10-07 00:00:00+00:00,0.01962893,0.00310845
2003-10-08 00:00:00+00:00,0.00889534,-0.00350784
2003-10-09 00:00:00+00:00,0.01461936,0.00952453
2003-10-10 00:00:00+00:00,0.00668969,0.00581707
2003-10-14 00:00:00+00:00,0.00649495,0.00471301
2003-10-15 00:00:00+00:00,0.00070457,-0.00236597
2003-10-16 00:00:00+00:00,0.00986983,-0.00215385
2003-10-17 00:00:00+00:00,-0.02988621,-0.00908147
2003-10-20 00:00:00+00:00,-0.00218230,-0.00291127
2003-10-21 00:00:00+00:00,0.00228176,0.00466860
2003-10-22 00:00:00+00:00,-0.02194156,0.00362930
2003-10-23 00:00:00+00:00,-0.01612702,0.01040279
2003-10-24 00:00:00+00:00,-0.01082567,-0.00113988
2003-10-27 00:00:00+00:00,-0.00552562,-0.00612833
2003-10-28 00:00:00+00:00,0.00722236,0.00676246
2003-10-29 00:00:00+00:00,-0.00133259,0.00384280
2003-10-30 00:00:00+00:00,0.01564688,0.00307646
2003-10-31 00:00:00+00:00,0.00229998,0.00555841
2003-11-03 00:00:00+00:00,0.01038654,-0.00771477
2003-11-04 00:00:00+00:00,0.00017671,-0.00322966
2003-11-05 00:00:00+00:00,0.00904749,0.00879401
2003-11-06 00:00:00+00:00,0.00196430,-0.00693312
2003-11-07 00:00:00+00:00,-0.00432864,-0.00083927
2003-11-10 00:00:00+00:00,-0.00300695,-0.00224237
2003-11-12 00:00:00+00:00,0.00857548,0.01459713
2003-11-13 00:00:00+00:00,-0.01329961,0.00457759
2003-11-17 00:00:00+00:00,-0.02158406,-0.00501229
2003-11-18 00:00:00+00:00,-0.00768198,0.00125257
2003-11-19 00:00:00+00:00,0.00098893,-0.00638124
2003-11-20 00:00:00+00:00,-0.00703529,-0.00041626
2003-11-21 00:00:00+00:00,-0.01142672,-0.00333793
2003-11-24 00:00:00+00:00,0.01319147,-0.00002543
2003-11-25 00:00:00+00:00,-0.01118538,0.00500822
2003-11-26 00:00:00+00:00,0.01193260,0.00706639
2003-12-01 00:00:00+00:00,0.03859149,0.01466918
2003-12-02 00:00:00+00:00,0.00835184,0.00895681
2003-12-03 00:00:00+00:00,0.00099821,0.00340891
2003-12-04 00:00:00+00:00,-0.00732615,0.00748316
2003-12-05 00:00:00+00:00,-0.01534102,-0.00299886
2003-12-08 00:00:00+00:00,0.00759121,0.01581600
2003-12-09 00:00:00+00:00,0.00655523,-0.00167704
2003-12-10 00:00:00+00:00,-0.00226168,0.00014987
2003-12-11 00:00:00+00:00,-0.00788561,0.00151429
2003-12-12 00:00:00+00:00,0.00568180,0.01427050
2003-12-15 00:00:00+00:00,0.00189545,-0.00396463
2003-12-16 00:00:00+00:00,-0.01245817,-0.00196293
2003-12-17 00:00:00+00:00,0.00694292,0.00633757
2003-12-18 00:00:00+00:00,0.00471000,0.00624247
2003-12-19 00:00:00+00:00,0.00016347,-0.00241566
2003-12-22 00:00:00+00:00,-0.01155876,-0.01492437
2003-12-23 00:00:00+00:00,-0.00218766,-0.00389776
2003-12-24 00:00:00+00:00,0.01192197,0.00710414
2003-12-29 00:00:00+00:00,0.01490349,0.00727251
2003-12-30 00:00:00+00:00,0.01389089,0.00530312
2003-12-31 00:00:00+00:00,-0.00880383,-0.00222374
2004-01-05 00:00:00+00:00,0.03868433,0.02084117
2004-01-06 00:00:00+00:00,0.00210590,0.00444978
2004-01-07 00:00:00+00:00,-0.00829537,-0.00258285
2004-01-08 00:00:00+00:00,0.01242422,0.00813419
2004-01-09 00:00:00+00:00,-0.00925433,0.00313335
2004-01-12 00:00:00+00:00,0.00775443,0.01070863
2004-01-13 00:00:00+00:00,-0.01638372,-0.00625329
2004-01-14 00:00:00+00:00,0.00151163,0.00361423
2004-01-15 00:00:00+00:00,-0.01339190,-0.01251476
2004-01-16 00:00:00+00:00,0.00970395,0.00752947
2004-01-20 00:00:00+00:00,0.00965430,0.00893740
2004-01-21 00:00:00+00:00,0.00212335,-0.00208371
2004-01-22 00:00:00+00:00,-0.00698345,-0.00265478
2004-01-23 00:00:00+00:00,0.00553484,0.00091243
2004-01-26 00:00:00+00:00,0.01056833,-0.00213221
2004-01-27 00:00:00+00:00,-0.01638460,-0.00578624
2004-01-28 00:00:00+00:00,-0.00143275,-0.00483362
2004-01-29 00:00:00+00:00,-0.00110340,-0.00774639
2004-01-30 00:00:00+00:00,0.00617126,0.00277841
2004-02-02 00:00:00+00:00,-0.01023400,-0.00442067
2004-02-03 00:00:00+00:00,0.00744078,0.00292531
2004-02-04 00:00:00+00:00,-0.00162431,-0.00296468
2004-02-05 00:00:00+00:00,0.01383810,-0.00071191
2004-02-06 00:00:00+00:00,0.00507457,0.00771908
2004-02-09 00:00:00+00:00,0.00072292,0.00590285
2004-02-10 00:00:00+00:00,-0.00105747,0.00073285
2004-02-11 00:00:00+00:00,0.00896450,0.00666943
2004-02-12 00:00:00+00:00,0.00259742,0.00354084
2004-02-13 00:00:00+00:00,-0.00286800,0.00223102
2004-02-17 00:00:00+00:00,0.01231098,0.00417334
2004-02-18 00:00:00+00:00,0.01815892,0.00270538
2004-02-19 00:00:00+00:00,0.01063397,0.00293394
2004-02-20 00:00:00+00:00,0.00227707,-0.00546045
2004-02-23 00:00:00+00:00,0.00702027,-0.00144843
2004-02-24 00:00:00+00:00,0.00835020,0.00411930
2004-02-25 00:00:00+00:00,-0.00927998,0.00165349
2004-02-26 00:00:00+00:00,0.00729154,0.00787658
2004-02-27 00:00:00+00:00,-0.00449944,0.00375741
2004-03-01 00:00:00+00:00,0.01831950,0.01278634
2004-03-02 00:00:00+00:00,-0.01600756,-0.01142053
2004-03-03 00:00:00+00:00,-0.00846173,-0.00756370
2004-03-04 00:00:00+00:00,-0.00270630,0.00498856
2004-03-05 00:00:00+00:00,-0.00768705,0.00829875
2004-03-08 00:00:00+00:00,-0.02578687,-0.00896221
2004-03-09 00:00:00+00:00,-0.00822844,0.00149837
2004-03-10 00:00:00+00:00,0.00096377,-0.00262389
2004-03-11 00:00:00+00:00,0.01309640,0.00844519
2004-03-12 00:00:00+00:00,0.00699086,-0.00033110
2004-03-15 00:00:00+00:00,0.00305324,0.00940314
2004-03-16 00:00:00+00:00,0.00446853,0.00342528
2004-03-17 00:00:00+00:00,-0.00051993,0.00618714
2004-03-18 00:00:00+00:00,0.01635558,0.00321081
2004-03-19 00:00:00+00:00,0.00409190,-0.00067459
2004-03-22 00:00:00+00:00,0.00403733,-0.00294265
2004-03-23 00:00:00+00:00,0.01313464,-0.00239350
2004-03-24 00:00:00+00:00,-0.01320087,-0.00575570
2004-03-25 00:00:00+00:00,-0.00155838,0.00042432
2004-03-26 00:00:00+00:00,0.00817196,-0.00058760
2004-03-29 00:00:00+00:00,0.00089522,0.00095976
2004-03-30 00:00:00+00:00,0.00403725,0.01149746
2004-03-31 00:00:00+00:00,-0.00779174,0.00431180
2004-04-01 00:00:00+00:00,0.03417954,0.00379013
2004-04-02 00:00:00+00:00,0.01600592,0.00029290
2004-04-05 00:00:00+00:00,-0.01087756,-0.00462013
2004-04-06 00:00:00+00:00,-0.00260762,0.00089758
2004-04-07 00:00:00+00:00,-0.00020994,0.00461950
2004-04-08 00:00:00+00:00,-0.00891191,-0.00093774
2004-04-12 00:00:00+00:00,-0.01665650,-0.00306724
2004-04-13 00:00:00+00:00,-0.01602448,-0.01952276
2004-04-14 00:00:00+00:00,0.02066322,0.00208047
2004-04-15 00:00:00+00:00,-0.01755095,-0.00754515
2004-04-16 00:00:00+00:00,0.01197167,0.00656334
2004-04-19 00:00:00+00:00,0.00761608,-0.00129010
2004-04-20 00:00:00+00:00,-0.01579534,-0.00902478
2004-04-21 00:00:00+00:00,-0.02706457,-0.01118813
2004-04-22 00:00:00+00:00,-0.00044919,0.00867631
2004-04-23 00:00:00+00:00,-0.03827349,-0.01222901
2004-04-26 00:00:00+00:00,-0.00269202,0.00295217
2004-04-27 00:00:00+00:00,0.00947894,0.00827090
2004-04-28 00:00:00+00:00,-0.02901443,-0.01434303
2004-04-29 00:00:00+00:00,0.01158820,-0.00040805
2004-04-30 00:00:00+00:00,0.02280522,0.00387243
2004-05-03 00:00:00+00:00,0.00439962,0.00990708
2004-05-04 00:00:00+00:00,0.00308887,0.00173479
2004-05-05 00:00:00+00:00,0.00834279,0.00323402
2004-05-06 00:00:00+00:00,-0.02020119,-0.01140393
2004-05-07 00:00:00+00:00,-0.00339147,-0.00683072
2004-05-10 00:00:00+00:00,-0.00126321,-0.00568132
2004-05-11 00:00:00+00:00,-0.00255796,0.00646287
2004-05-12 00:00:00+00:00,-0.01810867,-0.00195343
2004-05-13 00:00:00+00:00,0.01074482,0.00098456
2004-05-14 00:00:00+00:00,-0.01380410,-0.00642771
2004-05-17 00:00:00+00:00,-0.04032190,-0.00532524
2004-05-18 00:00:00+00:00,-0.00552652,-0.00703241
2004-05-19 00:00:00+00:00,0.04317468,0.01472753
2004-05-20 00:00:00+00:00,-0.02619810,-0.00784411
2004-05-21 00:00:00+00:00,0.00551674,0.00136362
2004-05-24 00:00:00+00:00,0.01356127,0.01245809
2004-05-25 00:00:00+00:00,0.00046596,0.00732383
2004-05-26 00:00:00+00:00,-0.01129527,-0.00105233
2004-05-27 00:00:00+00:00,-0.02277374,0.00068571
2004-05-28 00:00:00+00:00,0.00575374,-0.00125944
2004-06-01 00:00:00+00:00,0.04660630,0.01773622
2004-06-02 00:00:00+00:00,-0.03293545,-0.01126284
2004-06-03 00:00:00+00:00,-0.02414095,-0.01253543
2004-06-04 00:00:00+00:00,0.00760114,0.00014609
2004-06-07 00:00:00+00:00,0.01414894,0.00566209
2004-06-08 00:00:00+00:00,-0.01779691,-0.00613830
2004-06-09 00:00:00+00:00,0.00495920,-0.00393200
2004-06-10 00:00:00+00:00,-0.01427504,-0.00255994
2004-06-14 00:00:00+00:00,0.00277038,-0.00332085
2004-06-15 00:00:00+00:00,0.00011843,0.00183820
2004-06-16 00:00:00+00:00,-0.00512700,-0.00099624
2004-06-17 00:00:00+00:00,0.01044451,0.00320817
2004-06-18 00:00:00+00:00,0.00456857,0.00066869
2004-06-21 00:00:00+00:00,-0.00453977,-0.00300356
2004-06-22 00:00:00+00:00,0.00214774,-0.00325633
2004-06-23 00:00:00+00:00,0.02186918,0.00801937
2004-06-24 00:00:00+00:00,0.00623151,0.00536752
2004-06-25 00:00:00+00:00,-0.00535787,-0.00271424
2004-06-28 00:00:00+00:00,-0.00737777,-0.01305071
2004-06-29 00:00:00+00:00,-0.00468761,-0.00153395
2004-06-30 00:00:00+00:00,0.00046475,0.00431654
2004-07-01 00:00:00+00:00,0.02504406,0.00849124
2004-07-02 00:00:00+00:00,-0.00279999,0.00028237
2004-07-06 00:00:00+00:00,0.01380729,0.00375870
2004-07-07 00:00:00+00:00,0.01209795,0.00153864
2004-07-08 00:00:00+00:00,0.01577291,0.00306438
2004-07-09 00:00:00+00:00,0.00385054,0.00026105
2004-07-12 00:00:00+00:00,-0.00529033,-0.00513002
2004-07-13 00:00:00+00:00,-0.01309925,-0.00381421
2004-07-14 00:00:00+00:00,-0.00824387,0.00112077
2004-07-15 00:00:00+00:00,-0.03777792,-0.01414688
2004-07-16 00:00:00+00:00,-0.01831275,-0.00074103
2004-07-19 00:00:00+00:00,-0.00637069,-0.00350782
2004-07-20 00:00:00+00:00,0.00927106,0.00053401
2004-07-21 00:00:00+00:00,-0.01797092,-0.01215351
2004-07-22 00:00:00+00:00,0.00843386,-0.00108834
2004-07-23 00:00:00+00:00,-0.01372828,-0.00186883
2004-07-26 00:00:00+00:00,-0.00356484,-0.00511406
2004-07-27 00:00:00+00:00,0.00209941,-0.00081414
2004-07-28 00:00:00+00:00,0.02786934,0.00210046
2004-07-29 00:00:00+00:00,0.00377537,0.00283598
2004-07-30 00:00:00+00:00,0.00659287,0.00128514
2004-08-02 00:00:00+00:00,-0.00107418,-0.00238138
2004-08-03 00:00:00+00:00,0.00006127,-0.00068428
2004-08-04 00:00:00+00:00,-0.00994359,-0.00396238
2004-08-05 00:00:00+00:00,0.00458890,0.00093081
2004-08-06 00:00:00+00:00,-0.01686972,-0.00192000
2004-08-09 00:00:00+00:00,-0.00213241,0.00126477
2004-08-10 00:00:00+00:00,0.00529935,0.00577820
2004-08-11 00:00:00+00:00,0.00550350,-0.00332364
2004-08-12 00:00:00+00:00,0.00196753,0.00184735
2004-08-13 00:00:00+00:00,0.01995990,0.00830935
2004-08-16 00:00:00+00:00,-0.00205272,-0.01171981
2004-08-17 00:00:00+00:00,0.00189067,0.00824670
2004-08-18 00:00:00+00:00,-0.00758902,0.00097229
2004-08-19 00:00:00+00:00,0.03602406,0.01202759
2004-08-20 00:00:00+00:00,-0.00987468,0.00130960
2004-08-23 00:00:00+00:00,-0.02008295,-0.00467456
2004-08-24 00:00:00+00:00,-0.00569800,-0.00299961
2004-08-25 00:00:00+00:00,-0.01205717,-0.00140794
2004-08-26 00:00:00+00:00,-0.00336239,-0.00386690
2004-08-27 00:00:00+00:00,0.00756996,-0.00398966
2004-08-30 00:00:00+00:00,-0.01747110,0.00227610
2004-08-31 00:00:00+00:00,0.00289110,0.00283772
2004-09-01 00:00:00+00:00,0.01390301,0.00364395
2004-09-02 00:00:00+00:00,-0.00571296,-0.00398337
2004-09-03 00:00:00+00:00,-0.00509105,-0.00932198
2004-09-07 00:00:00+00:00,-0.01140353,-0.00544411
2004-09-08 00:00:00+00:00,-0.01329802,-0.00458234
2004-09-09 00:00:00+00:00,0.01691561,0.00287274
2004-09-10 00:00:00+00:00,-0.01129917,-0.00278664
2004-09-13 00:00:00+00:00,0.01105045,0.00937257
2004-09-14 00:00:00+00:00,0.00172797,0.00251532
2004-09-15 00:00:00+00:00,-0.00449340,-0.00718832
2004-09-16 00:00:00+00:00,0.00845501,0.00107933
2004-09-17 00:00:00+00:00,0.01772541,0.00812685
2004-09-20 00:00:00+00:00,0.00651910,0.00261983
2004-09-21 00:00:00+00:00,0.01755072,0.00922464
2004-09-22 00:00:00+00:00,0.02502202,-0.00087768
2004-09-23 00:00:00+00:00,0.00565487,-0.00287355
2004-09-24 00:00:00+00:00,0.00357354,-0.00534962
2004-09-27 00:00:00+00:00,0.01305013,0.00319331
2004-09-28 00:00:00+00:00,0.00158673,0.00856406
2004-09-29 00:00:00+00:00,0.00851799,0.01987485
2004-09-30 00:00:00+00:00,0.00492673,-0.00196103
2004-10-01 00:00:00+00:00,0.00579704,0.00567923
2004-10-04 00:00:00+00:00,0.00016784,-0.00389316
2004-10-05 00:00:00+00:00,0.00755531,0.00850485
2004-10-06 00:00:00+00:00,0.01133600,0.00327905
2004-10-07 00:00:00+00:00,0.00728515,0.00010599
2004-10-08 00:00:00+00:00,0.03723719,0.00903850
2004-10-12 00:00:00+00:00,-0.00773371,-0.01138233
2004-10-13 00:00:00+00:00,-0.03841164,-0.00516292
2004-10-14 00:00:00+00:00,-0.00043426,0.00079660
2004-10-15 00:00:00+00:00,0.00599795,0.00074926
2004-10-18 00:00:00+00:00,-0.01313661,-0.00178890
2004-10-19 00:00:00+00:00,-0.00272712,0.00536427
2004-10-20 00:00:00+00:00,0.01902607,0.01307570
2004-10-21 00:00:00+00:00,0.00293807,0.00129055
2004-10-22 00:00:00+00:00,0.00264526,0.00080429
2004-10-25 00:00:00+00:00,-0.01670358,-0.00118809
2004-10-26 00:00:00+00:00,0.00498262,0.00853812
2004-10-27 00:00:00+00:00,-0.01226587,-0.01002391
2004-10-28 00:00:00+00:00,-0.02429272,0.00547099
2004-10-29 00:00:00+00:00,0.03294682,0.00660464
2004-11-01 00:00:00+00:00,-0.01611232,-0.00583253
2004-11-02 00:00:00+00:00,-0.00024623,-0.00090156
2004-11-03 00:00:00+00:00,0.01218870,0.00597755
2004-11-04 00:00:00+00:00,-0.00458736,-0.00689225
2004-11-05 00:00:00+00:00,0.01431388,0.00001918
2004-11-08 00:00:00+00:00,-0.00116268,-0.00562929
2004-11-10 00:00:00+00:00,-0.00263748,0.00289583
2004-11-12 00:00:00+00:00,-0.00151733,0.00047894
2004-11-15 00:00:00+00:00,-0.00463021,0.00634746
2004-11-16 00:00:00+00:00,0.00587928,-0.00184833
2004-11-17 00:00:00+00:00,-0.00036386,0.00877258
2004-11-18 00:00:00+00:00,0.01051088,-0.00182543
2004-11-19 00:00:00+00:00,0.02332755,-0.00013282
2004-11-22 00:00:00+00:00,-0.00278910,-0.00292738
2004-11-23 00:00:00+00:00,0.00477743,0.00238157
2004-11-24 00:00:00+00:00,0.05004151,0.01483723
2004-11-29 00:00:00+00:00,-0.00491772,-0.00266679
2004-11-30 00:00:00+00:00,-0.01089287,-0.00569711
2004-12-01 00:00:00+00:00,-0.02527482,-0.00105799
2004-12-02 00:00:00+00:00,-0.04407808,-0.01378668
2004-12-03 00:00:00+00:00,-0.01480307,0.00431711
2004-12-06 00:00:00+00:00,0.00503857,0.00276232
2004-12-07 00:00:00+00:00,-0.02668510,-0.01384775
2004-12-08 00:00:00+00:00,-0.00606031,-0.00580653
2004-12-09 00:00:00+00:00,0.01273477,0.00001887
2004-12-10 00:00:00+00:00,-0.01094076,-0.00260885
2004-12-13 00:00:00+00:00,0.02153556,0.01206712
2004-12-14 00:00:00+00:00,0.01244234,0.00446001
2004-12-15 00:00:00+00:00,0.01656246,0.01082279
2004-12-16 00:00:00+00:00,-0.00285615,-0.00761979
2004-12-17 00:00:00+00:00,0.03315716,0.01009414
2004-12-20 00:00:00+00:00,-0.01627529,-0.00279026
2004-12-21 00:00:00+00:00,0.00748264,0.00033124
2004-12-22 00:00:00+00:00,-0.02075254,-0.00600143
2004-12-23 00:00:00+00:00,-0.00482572,0.00101982
2004-12-27 00:00:00+00:00,-0.01019287,-0.00877311
2004-12-28 00:00:00+00:00,0.01723937,0.00447985
2004-12-29 00:00:00+00:00,0.00420108,0.00037605
2004-12-30 00:00:00+00:00,-0.01376293,-0.00583530
2005-01-03 00:00:00+00:00,-0.01427713,-0.01204846
2005-01-04 00:00:00+00:00,-0.01544443,-0.00805691
2005-01-05 00:00:00+00:00,0.00257039,-0.00110901
2005-01-06 00:00:00+00:00,0.00762856,0.01105121
2005-01-07 00:00:00+00:00,-0.00093200,-0.00389518
2005-01-10 00:00:00+00:00,-0.00172053,0.00370046
2005-01-11 00:00:00+00:00,0.01916345,0.00227883
2005-01-12 00:00:00+00:00,0.01515978,-0.00047332
2005-01-13 00:00:00+00:00,0.00178621,0.00593698
2005-01-14 00:00:00+00:00,0.01111170,0.00174123
2005-01-18 00:00:00+00:00,0.00790993,-0.00700255
2005-01-19 00:00:00+00:00,-0.00382082,-0.00089078
2005-01-20 00:00:00+00:00,-0.00515304,-0.00073041
2005-01-21 00:00:00+00:00,0.01455021,0.00025097
2005-01-24 00:00:00+00:00,0.00688849,0.00449161
2005-01-25 00:00:00+00:00,0.00446624,0.00180682
2005-01-26 00:00:00+00:00,-0.00108107,-0.00055785
2005-01-27 00:00:00+00:00,0.00973460,-0.00292338
2005-01-28 00:00:00+00:00,-0.01702522,-0.00344388
2005-01-31 00:00:00+00:00,-0.00038574,0.00389075
2005-02-01 00:00:00+00:00,-0.00820118,-0.00257114
2005-02-02 00:00:00+00:00,-0.00139671,-0.00150649
2005-02-03 00:00:00+00:00,0.00323298,-0.00590253
2005-02-04 00:00:00+00:00,-0.00844828,0.00203434
2005-02-07 00:00:00+00:00,-0.02201346,-0.00519140
2005-02-08 00:00:00+00:00,0.00294376,0.00266076
2005-02-09 00:00:00+00:00,0.00248586,0.00025241
2005-02-10 00:00:00+00:00,0.01278874,0.00701526
2005-02-11 00:00:00+00:00,-0.01182946,0.00324284
2005-02-14 00:00:00+00:00,0.03758193,0.01352996
2005-02-15 00:00:00+00:00,0.00081303,0.00218406
2005-02-16 00:00:00+00:00,0.01069045,-0.00202941
2005-02-17 00:00:00+00:00,-0.00249883,-0.00112235
2005-02-18 00:00:00+00:00,0.00350400,-0.00014104
2005-02-22 00:00:00+00:00,-0.00113802,0.01101751
2005-02-23 00:00:00+00:00,0.00526949,0.00360944
2005-02-24 00:00:00+00:00,-0.00508425,-0.00011454
2005-02-25 00:00:00+00:00,-0.02346378,0.01324485
2005-02-28 00:00:00+00:00,0.00307078,0.00172646
2005-03-01 00:00:00+00:00,-0.00855171,-0.00463676
2005-03-02 00:00:00+00:00,0.01233941,0.00500328
2005-03-03 00:00:00+00:00,0.00198414,-0.00167565
2005-03-04 00:00:00+00:00,0.00734351,0.00728200
2005-03-07 00:00:00+00:00,0.00538889,-0.00184806
2005-03-08 00:00:00+00:00,0.01047104,0.00248954
2005-03-09 00:00:00+00:00,0.00467262,-0.00114691
2005-03-10 00:00:00+00:00,-0.01621833,-0.00214067
2005-03-11 00:00:00+00:00,-0.00292215,0.00430547
2005-03-14 00:00:00+00:00,0.01124848,0.00458498
2005-03-15 00:00:00+00:00,-0.00386071,0.00789686
2005-03-16 00:00:00+00:00,0.01456069,-0.00075292
2005-03-17 00:00:00+00:00,0.00097538,-0.00008536
2005-03-18 00:00:00+00:00,0.00967651,-0.00353928
2005-03-21 00:00:00+00:00,0.00132207,-0.00874165
2005-03-22 00:00:00+00:00,0.00423126,-0.00649000
2005-03-23 00:00:00+00:00,-0.02930693,-0.00937978
2005-03-24 00:00:00+00:00,0.00773066,0.00176539
2005-03-28 00:00:00+00:00,-0.00660467,-0.00156909
2005-03-29 00:00:00+00:00,0.01414627,0.00503566
2005-03-30 00:00:00+00:00,-0.00583017,0.00667584
2005-03-31 00:00:00+00:00,0.02048675,0.00291067
2005-04-01 00:00:00+00:00,0.02693659,0.00011648
2005-04-04 00:00:00+00:00,0.00359506,-0.00201158
2005-04-05 00:00:00+00:00,-0.00241741,-0.00240352
2005-04-06 00:00:00+00:00,-0.00063938,0.00384951
2005-04-07 00:00:00+00:00,-0.01348962,-0.00413056
2005-04-08 00:00:00+00:00,-0.00502234,-0.00499441
2005-04-11 00:00:00+00:00,0.00375113,0.00389490
2005-04-12 00:00:00+00:00,-0.02954502,-0.00356831
2005-04-13 00:00:00+00:00,-0.02627879,-0.00785719
2005-04-14 00:00:00+00:00,0.00031794,-0.00369238
2005-04-15 00:00:00+00:00,0.00143868,-0.00367267
2005-04-18 00:00:00+00:00,0.00498598,-0.00136316
2005-04-19 00:00:00+00:00,0.00279778,0.01348924
2005-04-20 00:00:00+00:00,0.00727354,0.00001098
2005-04-21 00:00:00+00:00,0.00142571,0.00549357
2005-04-22 00:00:00+00:00,0.01905331,0.00159324
2005-04-25 00:00:00+00:00,-0.01359141,0.00216551
2005-04-26 00:00:00+00:00,-0.01012209,-0.00356937
2005-04-27 00:00:00+00:00,-0.01947910,-0.01155167
2005-04-28 00:00:00+00:00,0.01276380,-0.00396010
2005-04-29 00:00:00+00:00,-0.01911981,-0.00236132
2005-05-02 00:00:00+00:00,0.04323810,0.00085173
2005-05-03 00:00:00+00:00,-0.01343959,-0.00567129
2005-05-04 00:00:00+00:00,-0.00636998,0.00553392
2005-05-05 00:00:00+00:00,0.00194443,0.00352269
2005-05-06 00:00:00+00:00,0.00160815,-0.00188309
2005-05-09 00:00:00+00:00,0.00094896,0.00566862
2005-05-10 00:00:00+00:00,0.00438272,0.00036925
2005-05-11 00:00:00+00:00,-0.01252664,-0.00191078
2005-05-12 00:00:00+00:00,-0.01033002,-0.00999931
2005-05-13 00:00:00+00:00,-0.00370636,-0.00296390
2005-05-16 00:00:00+00:00,-0.02755039,0.00563400
2005-05-17 00:00:00+00:00,0.00357924,0.00439378
2005-05-18 00:00:00+00:00,-0.02278796,0.00599450
2005-05-19 00:00:00+00:00,0.00099762,-0.00260657
2005-05-20 00:00:00+00:00,0.00303813,0.00028240
2005-05-23 00:00:00+00:00,-0.00311400,0.01276591
2005-05-24 00:00:00+00:00,0.00813592,0.00116971
2005-05-25 00:00:00+00:00,-0.00358775,0.00637060
2005-05-26 00:00:00+00:00,0.00963766,0.00532611
2005-05-27 00:00:00+00:00,-0.02504846,-0.00583777
2005-05-31 00:00:00+00:00,0.00181604,0.00195983
2005-06-01 00:00:00+00:00,0.01679443,0.01482702
2005-06-02 00:00:00+00:00,0.00715622,-0.00172545
2005-06-03 00:00:00+00:00,0.03321645,0.00622354
2005-06-06 00:00:00+00:00,-0.00161737,0.00407527
2005-06-07 00:00:00+00:00,-0.00743944,-0.00196139
2005-06-08 00:00:00+00:00,-0.00024826,-0.00611348
2005-06-09 00:00:00+00:00,0.00015702,0.00156948
2005-06-10 00:00:00+00:00,0.01037540,-0.00498760
2005-06-13 00:00:00+00:00,0.00219958,0.00979342
2005-06-14 00:00:00+00:00,-0.01329309,-0.00103468
2005-06-15 00:00:00+00:00,0.00393009,0.00808409
2005-06-16 00:00:00+00:00,0.01246112,0.00789282
2005-06-17 00:00:00+00:00,0.01583546,0.01161227
2005-06-20 00:00:00+00:00,-0.00428901,0.00297477
2005-06-21 00:00:00+00:00,0.00145805,-0.00200513
2005-06-22 00:00:00+00:00,-0.00689871,-0.00118454
2005-06-23 00:00:00+00:00,0.00973219,-0.00320315
2005-06-24 00:00:00+00:00,-0.00444941,0.00215044
2005-06-27 00:00:00+00:00,0.01600843,-0.00998360
2005-06-28 00:00:00+00:00,-0.03223122,-0.01420429
2005-06-29 00:00:00+00:00,-0.00201546,-0.00148914
2005-06-30 00:00:00+00:00,0.00160098,-0.00899546
2005-07-01 00:00:00+00:00,-0.01434007,0.00543970
2005-07-05 00:00:00+00:00,-0.02136334,0.01553912
2005-07-06 00:00:00+00:00,0.02782304,0.00119363
2005-07-07 00:00:00+00:00,-0.00376158,-0.00099520
2005-07-08 00:00:00+00:00,0.00547515,-0.00119643
2005-07-11 00:00:00+00:00,-0.00715369,0.00330136
2005-07-12 00:00:00+00:00,0.00328467,0.00464101
2005-07-13 00:00:00+00:00,-0.00254793,0.00051034
2005-07-14 00:00:00+00:00,-0.04889564,0.00748393
2005-07-15 00:00:00+00:00,-0.00814460,0.00491015
2005-07-18 00:00:00+00:00,-0.00149986,-0.00394521
2005-07-19 00:00:00+00:00,0.02161537,-0.00479276
2005-07-20 00:00:00+00:00,0.00690899,-0.00093828
2005-07-21 00:00:00+00:00,0.01451327,-0.00905596
2005-07-22 00:00:00+00:00,0.01090169,0.00530629
2005-07-25 00:00:00+00:00,0.00849837,-0.00213947
2005-07-26 00:00:00+00:00,-0.00758805,0.00282638
2005-07-27 00:00:00+00:00,-0.00121935,0.00426448
2005-07-28 00:00:00+00:00,0.00647991,0.00754028
2005-07-29 00:00:00+00:00,0.01347190,-0.00237779
2005-08-01 00:00:00+00:00,0.02029313,0.00297406
2005-08-02 00:00:00+00:00,0.00794202,0.00568786
2005-08-03 00:00:00+00:00,-0.00381179,-0.00308841
2005-08-04 00:00:00+00:00,0.00424636,-0.00177217
2005-08-05 00:00:00+00:00,0.01619797,-0.00236368
2005-08-08 00:00:00+00:00,0.00788456,0.00105080
2005-08-09 00:00:00+00:00,-0.01365704,-0.00430668
2005-08-10 00:00:00+00:00,0.03163837,0.00892764
2005-08-11 00:00:00+00:00,0.01352839,0.00749701
2005-08-12 00:00:00+00:00,0.01790976,0.00276209
2005-08-15 00:00:00+00:00,0.00780648,-0.00581970
2005-08-16 00:00:00+00:00,0.00484177,0.00042828
2005-08-17 00:00:00+00:00,-0.03469673,-0.00920264
2005-08-18 00:00:00+00:00,-0.01745934,-0.00381688
2005-08-19 00:00:00+00:00,0.01655000,0.00196467
2005-08-22 00:00:00+00:00,0.01929444,0.00722766
2005-08-23 00:00:00+00:00,0.00452294,0.00118450
2005-08-24 00:00:00+00:00,0.01096529,-0.00107780
2005-08-25 00:00:00+00:00,-0.00533554,-0.00522249
2005-08-26 00:00:00+00:00,0.01018320,-0.00106179
2005-08-29 00:00:00+00:00,0.02191184,0.00955886
2005-08-30 00:00:00+00:00,0.03673963,0.00979934
2005-08-31 00:00:00+00:00,-0.02292835,-0.00351824
2005-09-01 00:00:00+00:00,0.01368037,0.01072527
2005-09-02 00:00:00+00:00,-0.00400692,-0.00322510
2005-09-06 00:00:00+00:00,-0.00996378,0.00268717
2005-09-07 00:00:00+00:00,-0.02023850,-0.00711597
2005-09-08 00:00:00+00:00,0.00067906,-0.00314992
2005-09-09 00:00:00+00:00,-0.00743439,0.00072852
2005-09-12 00:00:00+00:00,0.00048221,-0.00153461
2005-09-13 00:00:00+00:00,-0.01320483,-0.00574446
2005-09-14 00:00:00+00:00,0.01789388,0.00282248
2005-09-15 00:00:00+00:00,0.00155937,-0.00043308
2005-09-16 00:00:00+00:00,-0.01190253,-0.00036973
2005-09-19 00:00:00+00:00,0.07631820,0.02120466
2005-09-20 00:00:00+00:00,-0.00610021,-0.00425184
2005-09-21 00:00:00+00:00,0.01381601,0.00299801
2005-09-22 00:00:00+00:00,0.00789451,0.00236445
2005-09-23 00:00:00+00:00,-0.01964907,-0.00873099
2005-09-26 00:00:00+00:00,0.02268400,0.00271751
2005-09-27 00:00:00+00:00,0.00113826,-0.00223616
2005-09-28 00:00:00+00:00,0.03982345,0.01293685
2005-09-29 00:00:00+00:00,0.00700973,0.00311583
2005-09-30 00:00:00+00:00,-0.02072612,0.00266286
2005-10-03 00:00:00+00:00,0.00708850,0.00168707
2005-10-04 00:00:00+00:00,0.00047719,-0.00585617
2005-10-05 00:00:00+00:00,-0.00141395,-0.00342866
2005-10-06 00:00:00+00:00,-0.02150031,-0.00651597
2005-10-07 00:00:00+00:00,0.00552740,0.00083931
2005-10-11 00:00:00+00:00,0.02148845,0.00304896
2005-10-12 00:00:00+00:00,-0.00606654,-0.00002790
2005-10-13 00:00:00+00:00,-0.01582211,-0.00245684
2005-10-14 00:00:00+00:00,-0.00055217,0.00300589
2005-10-17 00:00:00+00:00,0.03713593,0.01092200
2005-10-18 00:00:00+00:00,-0.01268885,-0.00729205
2005-10-19 00:00:00+00:00,-0.00310248,0.00294015
2005-10-20 00:00:00+00:00,-0.01895680,-0.01056761
2005-10-21 00:00:00+00:00,-0.00566872,-0.00163840
2005-10-24 00:00:00+00:00,0.00309535,0.00247125
2005-10-25 00:00:00+00:00,0.04990530,0.01299669
2005-10-26 00:00:00+00:00,-0.01014482,-0.00702757
2005-10-27 00:00:00+00:00,-0.00963744,-0.00455329
2005-10-28 00:00:00+00:00,-0.02019052,-0.00443517
2005-10-31 00:00:00+00:00,-0.02358493,-0.00506902
2005-11-01 00:00:00+00:00,-0.00560506,-0.00493955
2005-11-02 00:00:00+00:00,-0.00276911,-0.00017885
2005-11-03 00:00:00+00:00,0.01620858,0.00670751
2005-11-04 00:00:00+00:00,-0.00534953,-0.00401980
2005-11-07 00:00:00+00:00,0.00372829,0.00101554
2005-11-08 00:00:00+00:00,-0.00477516,0.00140584
2005-11-09 00:00:00+00:00,-0.00541504,-0.00300305
2005-11-10 00:00:00+00:00,-0.00642507,0.00134948
2005-11-14 00:00:00+00:00,0.01433660,0.00597050
2005-11-15 00:00:00+00:00,-0.00245184,-0.00041962
2005-11-16 00:00:00+00:00,0.02029631,0.00496598
2005-11-17 00:00:00+00:00,-0.01579021,-0.00150858
2005-11-18 00:00:00+00:00,0.00176380,-0.00345044
2005-11-21 00:00:00+00:00,0.00579630,0.00380678
2005-11-22 00:00:00+00:00,0.00623885,0.00403743
2005-11-23 00:00:00+00:00,0.01374861,0.00062713
2005-11-28 00:00:00+00:00,-0.01068624,0.00459879
2005-11-29 00:00:00+00:00,-0.01622102,0.00086419
2005-11-30 00:00:00+00:00,0.02939345,0.00690693
2005-12-01 00:00:00+00:00,0.03392931,0.01406407
2005-12-02 00:00:00+00:00,0.01639173,0.00730056
2005-12-05 00:00:00+00:00,0.00283205,0.00284089
2005-12-06 00:00:00+00:00,-0.01461689,-0.00251154
2005-12-07 00:00:00+00:00,0.00980013,-0.00047249
2005-12-08 00:00:00+00:00,0.02872909,0.01320664
2005-12-09 00:00:00+00:00,-0.01302973,-0.00280055
2005-12-12 00:00:00+00:00,0.01343849,0.00691910
2005-12-13 00:00:00+00:00,0.01073069,0.00308683
2005-12-14 00:00:00+00:00,-0.02563305,-0.00794232
2005-12-15 00:00:00+00:00,-0.01746966,-0.00123788
2005-12-16 00:00:00+00:00,-0.00935110,0.00005704
2005-12-19 00:00:00+00:00,-0.00007397,0.00245245
2005-12-20 00:00:00+00:00,0.00629328,-0.00283746
2005-12-21 00:00:00+00:00,0.01174875,0.00241808
2005-12-22 00:00:00+00:00,-0.01983158,0.00035410
2005-12-23 00:00:00+00:00,-0.00799038,-0.00056483
2005-12-27 00:00:00+00:00,-0.01580097,-0.00548445
2005-12-28 00:00:00+00:00,0.00284771,0.00382827
2005-12-29 00:00:00+00:00,-0.00538635,-0.00675561
2005-12-30 00:00:00+00:00,0.00562541,0.00150552
2006-01-03 00:00:00+00:00,0.00040079,0.01137731
2006-01-04 00:00:00+00:00,0.00256614,0.00114224
2006-01-05 00:00:00+00:00,-0.03208203,-0.01435511
2006-01-06 00:00:00+00:00,0.01484530,0.00378696
2006-01-09 00:00:00+00:00,-0.00711080,-0.00123855
2006-01-10 00:00:00+00:00,0.00259562,-0.00198490
2006-01-11 00:00:00+00:00,-0.00245205,0.00027361
2006-01-12 00:00:00+00:00,-0.00879829,-0.00655308
2006-01-13 00:00:00+00:00,-0.00119636,0.00040201
2006-01-17 00:00:00+00:00,0.02238826,0.00512110
2006-01-18 00:00:00+00:00,-0.01172027,-0.01002629
2006-01-19 00:00:00+00:00,0.00949186,0.00930002
2006-01-20 00:00:00+00:00,0.01368277,-0.00207621
2006-01-23 00:00:00+00:00,-0.01384374,-0.00159002
2006-01-24 00:00:00+00:00,0.00376192,0.00221781
2006-01-25 00:00:00+00:00,0.00143584,0.00109758
2006-01-26 00:00:00+00:00,0.00018313,0.00141764
2006-01-27 00:00:00+00:00,0.02321843,0.01119809
2006-01-30 00:00:00+00:00,0.01460785,0.01043735
2006-01-31 00:00:00+00:00,-0.00238497,-0.00054889
2006-02-01 00:00:00+00:00,-0.00442122,-0.00773512
2006-02-02 00:00:00+00:00,0.00337788,-0.00435264
2006-02-03 00:00:00+00:00,0.00359601,0.00439980
2006-02-06 00:00:00+00:00,-0.00832795,-0.00632468
2006-02-07 00:00:00+00:00,-0.02998057,-0.01665259
2006-02-08 00:00:00+00:00,-0.00235691,0.00101154
2006-02-09 00:00:00+00:00,-0.00097573,0.00281886
2006-02-10 00:00:00+00:00,-0.01667001,-0.00931471
2006-02-13 00:00:00+00:00,-0.01212488,-0.00576519
2006-02-14 00:00:00+00:00,0.01307306,0.00120399
2006-02-15 00:00:00+00:00,-0.01475180,-0.00348848
2006-02-16 00:00:00+00:00,0.00920916,0.00713856
2006-02-17 00:00:00+00:00,-0.00723137,0.00439709
2006-02-21 00:00:00+00:00,0.02782885,0.00670386
2006-02-22 00:00:00+00:00,-0.01419938,-0.00628422
2006-02-23 00:00:00+00:00,-0.00368437,-0.00238447
2006-02-24 00:00:00+00:00,-0.00779734,0.00376932
2006-02-27 00:00:00+00:00,-0.00587405,-0.00582068
2006-02-28 00:00:00+00:00,0.00910155,0.00197440
2006-03-01 00:00:00+00:00,0.01300483,0.00297571
2006-03-02 00:00:00+00:00,0.02727385,0.00887347
2006-03-03 00:00:00+00:00,0.00292175,-0.00034154
2006-03-06 00:00:00+00:00,-0.01318629,-0.01293052
2006-03-07 00:00:00+00:00,-0.00869455,-0.00223562
2006-03-08 00:00:00+00:00,-0.01008905,-0.00513420
2006-03-09 00:00:00+00:00,0.00436738,-0.00039714
2006-03-10 00:00:00+00:00,0.00208044,0.00283414
2006-03-13 00:00:00+00:00,0.01264419,0.00715688
2006-03-14 00:00:00+00:00,-0.00030342,0.00777556
2006-03-15 00:00:00+00:00,0.00180115,0.00482200
2006-03-16 00:00:00+00:00,-0.00143928,0.00199485
2006-03-17 00:00:00+00:00,0.01586251,-0.00009920
2006-03-20 00:00:00+00:00,-0.00348194,-0.00605211
2006-03-21 00:00:00+00:00,0.00775061,0.00163722
2006-03-22 00:00:00+00:00,-0.00007408,0.00338900
2006-03-23 00:00:00+00:00,0.01634082,0.00771844
2006-03-24 00:00:00+00:00,-0.00163642,0.00151067
2006-03-27 00:00:00+00:00,0.01335370,0.00189349
2006-03-28 00:00:00+00:00,0.00533335,0.00196689
2006-03-29 00:00:00+00:00,0.00559112,0.00433829
2006-03-30 00:00:00+00:00,0.04819174,0.01468208
2006-03-31 00:00:00+00:00,-0.00750477,-0.00503006
2006-04-03 00:00:00+00:00,0.02493653,0.00495967
2006-04-04 00:00:00+00:00,-0.00226376,-0.00316354
2006-04-05 00:00:00+00:00,0.00613783,0.00548894
2006-04-06 00:00:00+00:00,0.01955604,0.00562172
2006-04-07 00:00:00+00:00,-0.00068183,-0.00749898
2006-04-10 00:00:00+00:00,0.02687606,0.00864976
2006-04-11 00:00:00+00:00,-0.00101758,0.00079560
2006-04-12 00:00:00+00:00,0.01365075,-0.00119044
2006-04-13 00:00:00+00:00,0.00675316,0.00518579
2006-04-17 00:00:00+00:00,0.03726165,0.01586363
2006-04-18 00:00:00+00:00,0.02004512,0.01663416
2006-04-19 00:00:00+00:00,0.00887891,0.00347767
2006-04-20 00:00:00+00:00,-0.00563510,-0.00376433
2006-04-21 00:00:00+00:00,0.02691274,0.00818948
2006-04-24 00:00:00+00:00,-0.01180369,-0.00839881
2006-04-25 00:00:00+00:00,0.00232128,-0.00645678
2006-04-26 00:00:00+00:00,0.01398276,0.00035011
2006-04-27 00:00:00+00:00,-0.02568317,-0.00898732
2006-04-28 00:00:00+00:00,0.03033453,0.01000149
2006-05-01 00:00:00+00:00,0.02175437,0.00632181
2006-05-02 00:00:00+00:00,0.00182538,0.00191457
2006-05-03 00:00:00+00:00,-0.00528320,-0.00758185
2006-05-04 00:00:00+00:00,0.01641687,0.00613562
2006-05-05 00:00:00+00:00,-0.00091281,0.00191682
2006-05-08 00:00:00+00:00,-0.00097312,-0.00423609
2006-05-09 00:00:00+00:00,0.02240328,0.00738942
2006-05-10 00:00:00+00:00,0.00418810,0.00528860
2006-05-11 00:00:00+00:00,0.03503959,0.00446221
2006-05-12 00:00:00+00:00,0.02932556,-0.00600665
2006-05-15 00:00:00+00:00,-0.02756199,0.00035466
2006-05-16 00:00:00+00:00,0.01073724,0.00490371
2006-05-17 00:00:00+00:00,-0.01578369,-0.01061654
2006-05-18 00:00:00+00:00,-0.01682255,-0.00574220
2006-05-19 00:00:00+00:00,-0.02275385,-0.00914062
2006-05-22 00:00:00+00:00,0.00061979,0.00358495
2006-05-23 00:00:00+00:00,0.05616237,0.01420597
2006-05-24 00:00:00+00:00,-0.03456275,-0.01335611
2006-05-25 00:00:00+00:00,0.01008237,0.00709870
2006-05-26 00:00:00+00:00,0.01120079,0.00384365
2006-05-30 00:00:00+00:00,-0.04375107,-0.01072506
2006-05-31 00:00:00+00:00,-0.00707020,0.00034799
2006-06-01 00:00:00+00:00,-0.02245051,0.00003044
2006-06-02 00:00:00+00:00,0.00030715,0.01353707
2006-06-05 00:00:00+00:00,-0.00841515,-0.01153580
2006-06-06 00:00:00+00:00,-0.02766734,-0.01118349
2006-06-07 00:00:00+00:00,0.00852103,-0.00539462
2006-06-08 00:00:00+00:00,-0.02996410,-0.00758989
2006-06-09 00:00:00+00:00,-0.00757709,-0.00267984
2006-06-12 00:00:00+00:00,-0.00718531,-0.00119570
2006-06-13 00:00:00+00:00,-0.05043874,-0.01724421
2006-06-14 00:00:00+00:00,-0.04363871,-0.00855876
2006-06-15 00:00:00+00:00,0.02733437,0.01781669
2006-06-16 00:00:00+00:00,0.01569731,0.00464729
2006-06-19 00:00:00+00:00,-0.00748270,-0.01222539
2006-06-20 00:00:00+00:00,0.01207221,-0.00053231
2006-06-21 00:00:00+00:00,0.00792402,0.00772466
2006-06-22 00:00:00+00:00,-0.00708362,-0.00774280
2006-06-23 00:00:00+00:00,0.01656583,-0.00084759
2006-06-26 00:00:00+00:00,0.01128632,-0.00237763
2006-06-27 00:00:00+00:00,-0.01675452,-0.00197528
2006-06-28 00:00:00+00:00,0.01067804,0.00131722
2006-06-29 00:00:00+00:00,-0.00200468,0.01211782
2006-06-30 00:00:00+00:00,0.03778750,0.01410751
2006-07-05 00:00:00+00:00,0.02372382,-0.00053101
2006-07-06 00:00:00+00:00,0.01612927,0.00943528
2006-07-07 00:00:00+00:00,-0.00995255,-0.00908186
2006-07-10 00:00:00+00:00,-0.00654696,0.00136670
2006-07-11 00:00:00+00:00,0.01116650,0.00868424
2006-07-12 00:00:00+00:00,0.00186841,0.00257362
2006-07-13 00:00:00+00:00,-0.00649796,0.00269440
2006-07-14 00:00:00+00:00,0.00315602,0.00013824
2006-07-17 00:00:00+00:00,0.01643865,-0.01105755
2006-07-18 00:00:00+00:00,-0.00933646,-0.01101282
2006-07-19 00:00:00+00:00,0.00814256,0.01047107
2006-07-20 00:00:00+00:00,-0.02143145,-0.00302495
2006-07-21 00:00:00+00:00,-0.00820483,-0.00577661
2006-07-24 00:00:00+00:00,-0.00014075,0.01452237
2006-07-25 00:00:00+00:00,0.00832115,-0.00180396
2006-07-26 00:00:00+00:00,-0.00730754,0.00493482
2006-07-27 00:00:00+00:00,0.01246763,0.00485840
2006-07-28 00:00:00+00:00,-0.01080854,0.00349454
2006-07-31 00:00:00+00:00,-0.01039298,0.01328511
2006-08-01 00:00:00+00:00,0.01811508,-0.00580310
2006-08-02 00:00:00+00:00,-0.00399126,0.00908982
2006-08-03 00:00:00+00:00,-0.01292761,-0.00845090
2006-08-04 00:00:00+00:00,0.00770549,0.00219774
2006-08-07 00:00:00+00:00,0.00721786,-0.00648100
2006-08-08 00:00:00+00:00,0.02437804,0.00444499
2006-08-09 00:00:00+00:00,0.01372637,0.00883846
2006-08-10 00:00:00+00:00,-0.01937956,-0.00792320
2006-08-11 00:00:00+00:00,-0.01079772,-0.01125138
2006-08-14 00:00:00+00:00,0.00220485,-0.00515436
2006-08-15 00:00:00+00:00,-0.01450465,0.00272834
2006-08-16 00:00:00+00:00,-0.00756872,0.00044552
2006-08-17 00:00:00+00:00,-0.01828667,-0.00773659
2006-08-18 00:00:00+00:00,0.00249844,0.00394114
2006-08-21 00:00:00+00:00,0.01654594,0.00310904
2006-08-22 00:00:00+00:00,-0.00332705,0.00340691
2006-08-23 00:00:00+00:00,-0.00270351,-0.00211751
2006-08-24 00:00:00+00:00,-0.00588739,0.00267046
2006-08-25 00:00:00+00:00,0.00494838,0.00013232
2006-08-28 00:00:00+00:00,-0.00136040,-0.00937399
2006-08-29 00:00:00+00:00,-0.00926678,0.00098288
2006-08-30 00:00:00+00:00,0.00624112,0.00024132
2006-08-31 00:00:00+00:00,0.01626803,0.00391121
2006-09-01 00:00:00+00:00,0.00512719,-0.00252171
2006-09-05 00:00:00+00:00,0.01616779,0.00562846
2006-09-06 00:00:00+00:00,0.01083981,-0.00542885
2006-09-07 00:00:00+00:00,-0.01167491,-0.00662755
2006-09-08 00:00:00+00:00,-0.01789369,-0.00447474
2006-09-11 00:00:00+00:00,-0.03179451,-0.01193467
2006-09-12 00:00:00+00:00,-0.00697743,-0.00335927
2006-09-13 00:00:00+00:00,0.00277791,0.00021653
2006-09-14 00:00:00+00:00,0.00084856,-0.01130250
2006-09-15 00:00:00+00:00,-0.01688705,0.01026355
2006-09-18 00:00:00+00:00,0.01986102,0.00849258
2006-09-19 00:00:00+00:00,-0.01399912,-0.00621396
2006-09-20 00:00:00+00:00,0.00253831,0.00211777
2006-09-21 00:00:00+00:00,-0.00206708,0.00491922
2006-09-22 00:00:00+00:00,0.00570808,-0.00503162
2006-09-25 00:00:00+00:00,0.00210109,0.00068415
2006-09-26 00:00:00+00:00,0.00556342,0.00486063
2006-09-27 00:00:00+00:00,0.01345108,-0.00329055
2006-09-28 00:00:00+00:00,-0.03520231,0.02258819
2006-09-29 00:00:00+00:00,-0.00114945,0.00193898
2006-10-02 00:00:00+00:00,-0.00303082,-0.00265927
2006-10-03 00:00:00+00:00,-0.02455282,-0.00799762
2006-10-04 00:00:00+00:00,-0.02491791,0.00910084
2006-10-05 00:00:00+00:00,0.00641152,0.00658938
2006-10-06 00:00:00+00:00,0.02211606,0.00382797
2006-10-10 00:00:00+00:00,0.00381063,-0.00114045
2006-10-11 00:00:00+00:00,0.00828391,-0.00233664
2006-10-12 00:00:00+00:00,-0.00075276,0.00394461
2006-10-13 00:00:00+00:00,0.00276622,0.00570618
2006-10-16 00:00:00+00:00,0.02174751,0.02001177
2006-10-17 00:00:00+00:00,-0.00840029,-0.00215522
2006-10-18 00:00:00+00:00,-0.00179043,0.00159617
2006-10-19 00:00:00+00:00,0.00496164,0.00700619
2006-10-20 00:00:00+00:00,-0.00367797,-0.00359137
2006-10-23 00:00:00+00:00,-0.00146576,0.00227339
2006-10-24 00:00:00+00:00,-0.00459919,0.00464421
2006-10-25 00:00:00+00:00,-0.01140927,0.01109533
2006-10-26 00:00:00+00:00,0.00246632,-0.00050323
2006-10-27 00:00:00+00:00,-0.00033909,-0.00161615
2006-10-30 00:00:00+00:00,0.00508218,-0.00041849
2006-10-31 00:00:00+00:00,-0.00544948,-0.00026313
2006-11-01 00:00:00+00:00,-0.01226160,0.00297675
2006-11-02 00:00:00+00:00,0.01934210,0.00331341
2006-11-03 00:00:00+00:00,0.00321890,0.00032361
2006-11-06 00:00:00+00:00,0.00299163,0.00082777
2006-11-07 00:00:00+00:00,0.00811873,0.00600027
2006-11-08 00:00:00+00:00,-0.00559248,0.00323443
2006-11-09 00:00:00+00:00,-0.00474502,0.00053714
2006-11-10 00:00:00+00:00,-0.02615459,-0.00996723
2006-11-13 00:00:00+00:00,-0.00010649,-0.00062072
2006-11-14 00:00:00+00:00,0.01806351,0.00815268
2006-11-15 00:00:00+00:00,0.00206524,0.00295056
2006-11-16 00:00:00+00:00,-0.00582721,-0.01000694
2006-11-17 00:00:00+00:00,0.00226062,0.00611988
2006-11-20 00:00:00+00:00,-0.00053074,0.00430632
2006-11-21 00:00:00+00:00,0.00643930,0.00473669
2006-11-22 00:00:00+00:00,0.00298494,-0.00277575
2006-11-27 00:00:00+00:00,0.01356530,0.00547090
2006-11-28 00:00:00+00:00,-0.01092126,0.00291546
2006-11-29 00:00:00+00:00,0.05000598,0.02534276
2006-11-30 00:00:00+00:00,0.01654562,0.00772915
2006-12-01 00:00:00+00:00,-0.00530573,-0.00550303
2006-12-04 00:00:00+00:00,-0.00601145,-0.00864390
2006-12-05 00:00:00+00:00,0.00817892,0.00120278
2006-12-06 00:00:00+00:00,-0.02539393,-0.00971398
2006-12-07 00:00:00+00:00,0.00547394,0.00048498
2006-12-08 00:00:00+00:00,-0.00204413,-0.00494605
2006-12-11 00:00:00+00:00,0.00421730,0.00207170
2006-12-12 00:00:00+00:00,-0.00265513,-0.00168602
2006-12-13 00:00:00+00:00,-0.00915518,-0.00099992
2006-12-14 00:00:00+00:00,0.00906083,0.00357012
2006-12-15 00:00:00+00:00,-0.01187127,-0.00544949
2006-12-18 00:00:00+00:00,-0.01067078,-0.00877508
2006-12-19 00:00:00+00:00,0.01042386,0.00497685
2006-12-20 00:00:00+00:00,-0.00837294,-0.00582697
2006-12-21 00:00:00+00:00,-0.00968105,-0.00331587
2006-12-22 00:00:00+00:00,0.01046059,-0.00270739
2006-12-26 00:00:00+00:00,0.00939103,-0.00210228
2006-12-27 00:00:00+00:00,0.01054710,-0.00242419
2006-12-28 00:00:00+00:00,0.00268145,0.00701716
2006-12-29 00:00:00+00:00,-0.00059870,0.00114911
2007-01-03 00:00:00+00:00,-0.04762703,-0.01681660
2007-01-04 00:00:00+00:00,-0.01867578,-0.00553835
2007-01-05 00:00:00+00:00,-0.00055107,-0.00378494
2007-01-08 00:00:00+00:00,-0.00516249,0.00127217
2007-01-09 00:00:00+00:00,-0.00797003,0.00017568
2007-01-10 00:00:00+00:00,0.01024646,0.00483057
2007-01-11 00:00:00+00:00,0.02715104,-0.00326447
2007-01-12 00:00:00+00:00,0.01154523,0.01367793
2007-01-16 00:00:00+00:00,0.00842151,-0.00155749
2007-01-17 00:00:00+00:00,0.02824704,0.00133859
2007-01-18 00:00:00+00:00,0.00469191,-0.00515384
2007-01-19 00:00:00+00:00,-0.01231251,0.00902199
2007-01-22 00:00:00+00:00,-0.00010529,0.00360500
2007-01-23 00:00:00+00:00,-0.00694690,0.01192547
2007-01-24 00:00:00+00:00,0.00044452,0.00027083
2007-01-25 00:00:00+00:00,0.01576058,-0.00791199
2007-01-26 00:00:00+00:00,-0.00530893,0.00266010
2007-01-29 00:00:00+00:00,0.00305735,-0.00578435
2007-01-30 00:00:00+00:00,-0.00337512,0.01582337
2007-01-31 00:00:00+00:00,0.00377550,0.00677419
2007-02-01 00:00:00+00:00,0.00627193,-0.00321922
2007-02-02 00:00:00+00:00,-0.00982381,-0.00020651
2007-02-05 00:00:00+00:00,0.00146898,0.00234607
2007-02-06 00:00:00+00:00,-0.00545646,-0.00035358
2007-02-07 00:00:00+00:00,-0.00117545,0.00121194
2007-02-08 00:00:00+00:00,0.00018465,0.00636587
2007-02-09 00:00:00+00:00,0.01216440,0.00191308
2007-02-12 00:00:00+00:00,0.00714142,-0.01207356
2007-02-13 00:00:00+00:00,0.00715040,0.01044740
2007-02-14 00:00:00+00:00,-0.00732380,0.00009727
2007-02-15 00:00:00+00:00,0.00211496,0.00458223
2007-02-16 00:00:00+00:00,0.00516138,0.00634564
2007-02-20 00:00:00+00:00,0.00269967,-0.00292390
2007-02-21 00:00:00+00:00,0.00948272,0.01082526
2007-02-22 00:00:00+00:00,0.00718983,0.00623772
2007-02-23 00:00:00+00:00,-0.01067429,-0.00046310
2007-02-26 00:00:00+00:00,-0.00580883,0.00065116
2007-02-27 00:00:00+00:00,-0.01066751,-0.00857154
2007-02-28 00:00:00+00:00,0.01156210,-0.00278589
2007-03-01 00:00:00+00:00,-0.03133368,-0.00777719
2007-03-02 00:00:00+00:00,-0.02336873,-0.01068351
2007-03-05 00:00:00+00:00,0.00142864,-0.00880464
2007-03-06 00:00:00+00:00,-0.00296819,0.00920349
2007-03-07 00:00:00+00:00,0.00712178,0.00461015
2007-03-08 00:00:00+00:00,0.00152123,0.00135240
2007-03-09 00:00:00+00:00,0.00022136,-0.00788283
2007-03-12 00:00:00+00:00,-0.00099034,-0.00056188
2007-03-13 00:00:00+00:00,-0.01212976,-0.00757738
2007-03-14 00:00:00+00:00,-0.01185807,0.00106164
2007-03-15 00:00:00+00:00,0.02096909,0.00677280
2007-03-16 00:00:00+00:00,0.00666423,0.00266576
2007-03-19 00:00:00+00:00,0.00456152,0.00202313
2007-03-20 00:00:00+00:00,0.00722916,0.00473796
2007-03-21 00:00:00+00:00,0.00134299,0.01063167
2007-03-22 00:00:00+00:00,0.00313813,0.00550680
2007-03-23 00:00:00+00:00,-0.00544130,-0.00145786
2007-03-26 00:00:00+00:00,-0.01238095,-0.00011237
2007-03-27 00:00:00+00:00,-0.00175633,-0.00091049
2007-03-28 00:00:00+00:00,0.00797963,0.00145230
2007-03-29 00:00:00+00:00,0.00582949,0.00592389
2007-03-30 00:00:00+00:00,-0.02384784,-0.00274429
2007-04-02 00:00:00+00:00,-0.00438930,-0.00140397
2007-04-03 00:00:00+00:00,-0.01363197,-0.00192040
2007-04-04 00:00:00+00:00,0.00841707,0.00641840
2007-04-05 00:00:00+00:00,0.00619008,0.00261506
2007-04-09 00:00:00+00:00,-0.00287360,-0.00410786
2007-04-10 00:00:00+00:00,0.00040385,0.00926524
2007-04-11 00:00:00+00:00,0.00126855,-0.00176604
2007-04-12 00:00:00+00:00,-0.01390624,0.00102708
2007-04-13 00:00:00+00:00,0.01230696,0.00414697
2007-04-16 00:00:00+00:00,-0.00557374,-0.00096656
2007-04-17 00:00:00+00:00,-0.00712695,-0.00093244
2007-04-18 00:00:00+00:00,-0.00317882,0.00167138
2007-04-19 00:00:00+00:00,0.00657855,-0.00091713
2007-04-20 00:00:00+00:00,-0.00455187,0.00252193
2007-04-23 00:00:00+00:00,-0.00860333,0.00311281
2007-04-24 00:00:00+00:00,-0.00711184,-0.00207926
2007-04-25 00:00:00+00:00,0.01877754,0.00867368
2007-04-26 00:00:00+00:00,-0.01189788,-0.00730258
2007-04-27 00:00:00+00:00,0.00422818,0.00292429
2007-04-30 00:00:00+00:00,-0.00232291,-0.00146880
2007-05-01 00:00:00+00:00,0.02283910,0.00087963
2007-05-02 00:00:00+00:00,0.00115006,0.00086823
2007-05-03 00:00:00+00:00,0.01398012,0.00630390
2007-05-04 00:00:00+00:00,0.00285831,0.00078875
2007-05-07 00:00:00+00:00,-0.01407983,-0.00500666
2007-05-08 00:00:00+00:00,-0.01437397,-0.00426031
2007-05-09 00:00:00+00:00,0.01328120,-0.00007401
2007-05-10 00:00:00+00:00,-0.00987659,-0.00849740
2007-05-11 00:00:00+00:00,0.02871172,0.01131805
2007-05-14 00:00:00+00:00,0.00805583,-0.00247851
2007-05-15 00:00:00+00:00,0.01926667,0.00532353
2007-05-16 00:00:00+00:00,0.01645629,-0.00094248
2007-05-17 00:00:00+00:00,0.00178619,-0.00024764
2007-05-18 00:00:00+00:00,-0.00394605,0.00073419
2007-05-21 00:00:00+00:00,0.00973902,0.00581886
2007-05-22 00:00:00+00:00,-0.01307409,-0.00934318
2007-05-23 00:00:00+00:00,0.00182851,0.00077824
2007-05-24 00:00:00+00:00,0.00957207,-0.00673942
2007-05-25 00:00:00+00:00,0.00289276,0.00545843
2007-05-29 00:00:00+00:00,-0.01754976,-0.00466566
2007-05-30 00:00:00+00:00,0.03032002,0.00979465
2007-05-31 00:00:00+00:00,0.00513457,0.00512749
2007-06-01 00:00:00+00:00,0.00414569,0.00208941
2007-06-04 00:00:00+00:00,-0.00026455,0.00869815
2007-06-05 00:00:00+00:00,0.00384676,-0.00335311
2007-06-06 00:00:00+00:00,-0.00879226,-0.00479564
2007-06-07 00:00:00+00:00,0.01145712,-0.00676306
2007-06-08 00:00:00+00:00,-0.00796262,-0.00720363
2007-06-11 00:00:00+00:00,0.01095027,0.00654845
2007-06-12 00:00:00+00:00,0.00312821,-0.00770948
2007-06-13 00:00:00+00:00,0.00361302,0.00672974
2007-06-14 00:00:00+00:00,0.00783144,0.00827385
2007-06-15 00:00:00+00:00,0.01918872,0.00898622
2007-06-18 00:00:00+00:00,-0.00571064,0.00189082
2007-06-19 00:00:00+00:00,-0.03567461,-0.00648611
2007-06-20 00:00:00+00:00,0.00246163,-0.00446388
2007-06-21 00:00:00+00:00,-0.01986538,-0.00392032
2007-06-22 00:00:00+00:00,-0.03265430,-0.00970820
2007-06-25 00:00:00+00:00,-0.00924370,-0.00352345
2007-06-26 00:00:00+00:00,0.00169173,-0.00742852
2007-06-27 00:00:00+00:00,-0.01289294,0.00311304
2007-06-28 00:00:00+00:00,-0.01131449,-0.00566468
2007-06-29 00:00:00+00:00,0.01832131,0.00560133
2007-07-02 00:00:00+00:00,0.00402769,0.00815075
2007-07-03 00:00:00+00:00,-0.01713040,-0.00300631
2007-07-05 00:00:00+00:00,0.00389610,-0.00054198
2007-07-06 00:00:00+00:00,0.01042756,0.00405523
2007-07-09 00:00:00+00:00,-0.00115181,0.00085566
2007-07-10 00:00:00+00:00,-0.00301481,0.00677743
2007-07-11 00:00:00+00:00,0.00665565,-0.00021729
2007-07-12 00:00:00+00:00,0.02045750,0.00556274
2007-07-13 00:00:00+00:00,0.00051809,0.00416387
2007-07-16 00:00:00+00:00,-0.02332584,-0.00746857
2007-07-17 00:00:00+00:00,-0.01548425,-0.00757291
2007-07-18 00:00:00+00:00,0.00336110,0.00923600
2007-07-19 00:00:00+00:00,0.00007919,0.00519152
2007-07-20 00:00:00+00:00,-0.01089026,-0.00420547
2007-07-23 00:00:00+00:00,-0.01744284,-0.01190619
2007-07-24 00:00:00+00:00,-0.00401256,-0.00622473
2007-07-25 00:00:00+00:00,-0.00665107,0.00036451
2007-07-26 00:00:00+00:00,-0.00734791,-0.00321703
2007-07-27 00:00:00+00:00,-0.00970321,-0.00098054
2007-07-30 00:00:00+00:00,0.01325740,0.01156660
2007-07-31 00:00:00+00:00,-0.00932103,-0.00207889
2007-08-01 00:00:00+00:00,-0.00241930,-0.00184523
2007-08-02 00:00:00+00:00,0.00903805,0.00090740
2007-08-03 00:00:00+00:00,-0.00741400,-0.00273378
2007-08-06 00:00:00+00:00,0.00575627,-0.00075277
2007-08-07 00:00:00+00:00,0.01373607,0.00591442
2007-08-08 00:00:00+00:00,0.02292704,0.00293757
2007-08-09 00:00:00+00:00,-0.02346690,-0.00659406
2007-08-10 00:00:00+00:00,-0.01824515,0.00230105
2007-08-13 00:00:00+00:00,-0.00242548,0.00333688
2007-08-14 00:00:00+00:00,-0.01614546,-0.00347720
2007-08-15 00:00:00+00:00,-0.01068547,-0.00476092
2007-08-16 00:00:00+00:00,0.01143391,-0.01395302
2007-08-17 00:00:00+00:00,0.00484480,0.01000205
2007-08-20 00:00:00+00:00,0.04540209,-0.00940516
2007-08-21 00:00:00+00:00,0.03168915,-0.00163786
2007-08-22 00:00:00+00:00,0.02365100,0.00431914
2007-08-23 00:00:00+00:00,-0.01019173,0.00282047
2007-08-24 00:00:00+00:00,-0.00227529,0.00550547
2007-08-27 00:00:00+00:00,-0.00445597,-0.00250262
2007-08-28 00:00:00+00:00,-0.02133379,-0.00434354
2007-08-29 00:00:00+00:00,0.00964239,0.00385996
2007-08-30 00:00:00+00:00,-0.00306874,-0.00273257
2007-08-31 00:00:00+00:00,0.00373864,0.00397958
2007-09-04 00:00:00+00:00,0.01965594,0.01026930
2007-09-05 00:00:00+00:00,-0.01886341,-0.00035101
2007-09-06 00:00:00+00:00,-0.00639566,-0.00028760
2007-09-07 00:00:00+00:00,0.00642552,0.00012407
2007-09-10 00:00:00+00:00,-0.01271539,0.00791465
2007-09-11 00:00:00+00:00,-0.01616891,0.00721477
2007-09-12 00:00:00+00:00,0.00151840,0.01226115
2007-09-13 00:00:00+00:00,0.01179683,-0.00656356
2007-09-14 00:00:00+00:00,-0.00236802,0.00514217
2007-09-17 00:00:00+00:00,-0.00874017,0.01217449
2007-09-18 00:00:00+00:00,0.01358336,0.00686305
2007-09-19 00:00:00+00:00,0.00007500,0.00127557
2007-09-20 00:00:00+00:00,0.00519722,0.00208823
2007-09-21 00:00:00+00:00,-0.00429789,0.00330043
2007-09-24 00:00:00+00:00,-0.01015939,0.00485323
2007-09-25 00:00:00+00:00,0.00301349,-0.00202560
2007-09-26 00:00:00+00:00,0.00776168,0.00498844
2007-09-27 00:00:00+00:00,-0.00690534,0.01726269
2007-09-28 00:00:00+00:00,-0.02120678,-0.00373991
2007-10-01 00:00:00+00:00,-0.00869822,0.00398640
2007-10-02 00:00:00+00:00,-0.04141481,-0.00519197
2007-10-03 00:00:00+00:00,-0.00310628,-0.00234700
2007-10-04 00:00:00+00:00,0.01108479,0.00100609
2007-10-05 00:00:00+00:00,0.01914629,-0.00352952
2007-10-09 00:00:00+00:00,-0.00011615,-0.00335703
2007-10-10 00:00:00+00:00,0.01523890,0.00653599
2007-10-11 00:00:00+00:00,0.01100272,-0.00080949
2007-10-12 00:00:00+00:00,0.00826448,0.00392924
2007-10-15 00:00:00+00:00,0.02178277,0.01049522
2007-10-16 00:00:00+00:00,0.00041865,-0.00242605
2007-10-17 00:00:00+00:00,-0.01117785,0.00197453
2007-10-18 00:00:00+00:00,0.01920285,0.00381110
2007-10-19 00:00:00+00:00,-0.01059949,-0.00684186
2007-10-22 00:00:00+00:00,-0.01087399,-0.00508033
2007-10-23 00:00:00+00:00,-0.00997789,-0.00073288
2007-10-24 00:00:00+00:00,-0.00177724,0.00269685
2007-10-25 00:00:00+00:00,0.02984108,0.00858386
2007-10-26 00:00:00+00:00,0.01176011,0.00834353
2007-10-29 00:00:00+00:00,0.01527234,0.00501817
2007-10-30 00:00:00+00:00,-0.02332226,0.00045300
2007-10-31 00:00:00+00:00,0.03336712,0.01559330
2007-11-01 00:00:00+00:00,-0.02299642,-0.00724432
2007-11-02 00:00:00+00:00,0.01462529,0.00494727
2007-11-05 00:00:00+00:00,-0.00563555,-0.00765703
2007-11-06 00:00:00+00:00,0.02899695,0.00881613
2007-11-07 00:00:00+00:00,0.01112361,-0.00418546
2007-11-08 00:00:00+00:00,0.00101324,-0.00213184
2007-11-09 00:00:00+00:00,0.00177031,-0.00230685
2007-11-12 00:00:00+00:00,-0.02088810,-0.01228644
2007-11-13 00:00:00+00:00,-0.00950176,0.00210971
2007-11-14 00:00:00+00:00,0.01205619,0.01005258
2007-11-15 00:00:00+00:00,-0.00574795,-0.01124059
2007-11-16 00:00:00+00:00,-0.00525975,0.00846062
2007-11-19 00:00:00+00:00,0.00663840,-0.00986763
2007-11-20 00:00:00+00:00,0.01694165,0.00453112
2007-11-21 00:00:00+00:00,0.00381568,-0.00700766
2007-11-23 00:00:00+00:00,0.00208243,0.00847824
2007-11-26 00:00:00+00:00,-0.02116690,0.00128037
2007-11-27 00:00:00+00:00,0.01522297,-0.00302585
2007-11-28 00:00:00+00:00,-0.00300590,0.00133001
2007-11-29 00:00:00+00:00,-0.02198659,0.00202789
2007-11-30 00:00:00+00:00,-0.01915867,-0.00443716
2007-12-03 00:00:00+00:00,0.00749585,-0.00189695
2007-12-04 00:00:00+00:00,0.01297474,0.00066096
2007-12-05 00:00:00+00:00,-0.00230470,0.00392345
2007-12-06 00:00:00+00:00,0.01408012,0.00698912
2007-12-07 00:00:00+00:00,0.00253131,-0.00200255
2007-12-10 00:00:00+00:00,0.01390325,0.00220294
2007-12-11 00:00:00+00:00,0.00050730,0.00171199
2007-12-12 00:00:00+00:00,0.02052129,0.00948257
2007-12-13 00:00:00+00:00,-0.00040286,-0.01229834
2007-12-14 00:00:00+00:00,0.00371976,-0.00730096
2007-12-17 00:00:00+00:00,-0.00046354,-0.00149582
2007-12-18 00:00:00+00:00,-0.00477827,0.00320513
2007-12-19 00:00:00+00:00,-0.00470657,0.00474650
2007-12-20 00:00:00+00:00,-0.00648169,0.00307994
2007-12-21 00:00:00+00:00,0.01771939,0.01164165
2007-12-24 00:00:00+00:00,0.00689411,0.00389784
2007-12-26 00:00:00+00:00,0.02657107,0.00882562
2007-12-27 00:00:00+00:00,-0.00332759,-0.00118399
2007-12-28 00:00:00+00:00,-0.00496372,0.00220937
2007-12-31 00:00:00+00:00,-0.00609356,-0.00041251
2008-01-02 00:00:00+00:00,0.01161182,0.01087265
2008-01-03 00:00:00+00:00,0.00396334,0.00697662
2008-01-04 00:00:00+00:00,-0.00819811,-0.00614902
2008-01-07 00:00:00+00:00,-0.01386763,-0.00364662
2008-01-08 00:00:00+00:00,0.00840244,0.00755483
2008-01-09 00:00:00+00:00,-0.00973409,0.00335598
2008-01-10 00:00:00+00:00,0.00172046,-0.00000223
2008-01-11 00:00:00+00:00,0.01242513,0.00349827
2008-01-14 00:00:00+00:00,0.00349885,0.01006933
2008-01-15 00:00:00+00:00,0.00060905,-0.00932292
2008-01-16 00:00:00+00:00,-0.01387892,-0.00966181
2008-01-17 00:00:00+00:00,0.00408381,-0.00498256
2008-01-18 00:00:00+00:00,0.00688769,-0.00199088
2008-01-22 00:00:00+00:00,-0.00239362,-0.00701390
2008-01-23 00:00:00+00:00,-0.03978335,-0.00831925
2008-01-24 00:00:00+00:00,0.03553198,0.01361810
2008-01-25 00:00:00+00:00,0.00895430,0.00261223
2008-01-28 00:00:00+00:00,0.00677235,0.00738538
2008-01-29 00:00:00+00:00,0.00454834,0.00293403
2008-01-30 00:00:00+00:00,0.00894822,-0.00332361
2008-01-31 00:00:00+00:00,-0.01486115,0.01309728
2008-02-01 00:00:00+00:00,-0.01901997,-0.00404626
2008-02-04 00:00:00+00:00,0.01922269,0.00242086
2008-02-05 00:00:00+00:00,-0.00471675,-0.00904430
2008-02-06 00:00:00+00:00,0.00829809,-0.00147783
2008-02-07 00:00:00+00:00,0.01238635,0.00597017
2008-02-08 00:00:00+00:00,0.02201263,0.01016208
2008-02-11 00:00:00+00:00,-0.00338513,0.00543182
2008-02-12 00:00:00+00:00,-0.01658678,-0.00183810
2008-02-13 00:00:00+00:00,-0.00970266,0.00240884
2008-02-14 00:00:00+00:00,0.02758637,0.00463529
2008-02-15 00:00:00+00:00,0.00203832,0.00020964
2008-02-19 00:00:00+00:00,0.02757920,0.01503659
2008-02-20 00:00:00+00:00,0.00185095,0.00143876
2008-02-21 00:00:00+00:00,0.00880151,0.00152731
2008-02-22 00:00:00+00:00,-0.00086009,0.00359445
2008-02-25 00:00:00+00:00,-0.00429824,0.00546549
2008-02-26 00:00:00+00:00,0.00287125,0.00580023
2008-02-27 00:00:00+00:00,0.00038611,-0.00198050
2008-02-28 00:00:00+00:00,0.02900670,0.01896910
2008-02-29 00:00:00+00:00,0.02894814,-0.00067249
2008-03-03 00:00:00+00:00,0.01378214,0.00534342
2008-03-04 00:00:00+00:00,-0.02442003,-0.01185334
2008-03-05 00:00:00+00:00,0.01501663,0.01761811
2008-03-06 00:00:00+00:00,0.00772127,-0.01012361
2008-03-07 00:00:00+00:00,-0.01521120,-0.00967113
2008-03-10 00:00:00+00:00,0.03099174,0.00393159
2008-03-11 00:00:00+00:00,-0.03563244,0.00830835
2008-03-12 00:00:00+00:00,0.01200336,0.00170411
2008-03-13 00:00:00+00:00,0.00652778,0.00574749
2008-03-14 00:00:00+00:00,0.00691541,-0.00731078
2008-03-17 00:00:00+00:00,-0.02047121,-0.01707883
2008-03-18 00:00:00+00:00,-0.03354412,0.01431986
2008-03-19 00:00:00+00:00,-0.02826689,-0.02998148
2008-03-20 00:00:00+00:00,-0.05936695,-0.01635266
2008-03-24 00:00:00+00:00,-0.01773020,0.01460252
2008-03-25 00:00:00+00:00,0.02906545,0.01302421
2008-03-26 00:00:00+00:00,0.04781007,0.00984361
2008-03-27 00:00:00+00:00,0.00424072,0.00240452
2008-03-28 00:00:00+00:00,-0.02291623,-0.00766816
2008-03-31 00:00:00+00:00,-0.04696877,-0.00625900
2008-04-01 00:00:00+00:00,-0.03978618,0.00021985
2008-04-02 00:00:00+00:00,0.02619889,0.01065482
2008-04-03 00:00:00+00:00,0.00530752,0.00080543
2008-04-04 00:00:00+00:00,0.01875726,0.00643382
2008-04-07 00:00:00+00:00,0.00244605,0.00343699
2008-04-08 00:00:00+00:00,-0.00172334,-0.00423790
2008-04-09 00:00:00+00:00,0.03093485,0.01424439
2008-04-10 00:00:00+00:00,-0.00263138,-0.00059147
2008-04-11 00:00:00+00:00,0.01071720,-0.00825695
2008-04-14 00:00:00+00:00,0.02248878,0.00354428
2008-04-15 00:00:00+00:00,0.01366875,0.00380706
2008-04-16 00:00:00+00:00,-0.03550064,0.00825398
2008-04-17 00:00:00+00:00,0.00009065,-0.00174093
2008-04-18 00:00:00+00:00,-0.00892262,0.00299698
2008-04-21 00:00:00+00:00,-0.02279618,-0.00260968
2008-04-22 00:00:00+00:00,0.03551203,0.00665004
2008-04-23 00:00:00+00:00,-0.00877479,-0.00275311
2008-04-24 00:00:00+00:00,-0.02508718,-0.00688043
2008-04-25 00:00:00+00:00,-0.00274750,-0.00034034
2008-04-28 00:00:00+00:00,0.00342884,0.00480429
2008-04-29 00:00:00+00:00,-0.01303547,-0.01099607
2008-04-30 00:00:00+00:00,0.01001492,0.00057942
2008-05-01 00:00:00+00:00,-0.03110203,-0.00658043
2008-05-02 00:00:00+00:00,0.01309970,0.00988671
2008-05-05 00:00:00+00:00,-0.00212380,0.00587623
2008-05-06 00:00:00+00:00,0.00305977,0.00249809
2008-05-07 00:00:00+00:00,0.03406298,-0.00057201
2008-05-08 00:00:00+00:00,0.01170472,0.00424815
2008-05-09 00:00:00+00:00,0.02155044,0.00541465
2008-05-12 00:00:00+00:00,-0.02907949,-0.00042446
2008-05-13 00:00:00+00:00,0.00984507,-0.00237438
2008-05-14 00:00:00+00:00,-0.01051842,-0.00394576
2008-05-15 00:00:00+00:00,-0.01294617,0.00578940
2008-05-16 00:00:00+00:00,0.00797493,0.00475167
2008-05-19 00:00:00+00:00,-0.01249513,-0.00372906
2008-05-20 00:00:00+00:00,0.01743017,0.00615505
2008-05-21 00:00:00+00:00,0.04408061,0.00565984
2008-05-22 00:00:00+00:00,-0.01850034,-0.00629995
2008-05-23 00:00:00+00:00,0.02650536,0.00581858
2008-05-27 00:00:00+00:00,-0.02403198,-0.00795055
2008-05-28 00:00:00+00:00,0.00316667,0.00205779
2008-05-29 00:00:00+00:00,-0.03334290,-0.01928165
2008-05-30 00:00:00+00:00,0.01950495,0.01166959
2008-06-02 00:00:00+00:00,0.02242522,0.00319944
2008-06-03 00:00:00+00:00,-0.00793837,-0.00345863
2008-06-04 00:00:00+00:00,0.00273261,0.00201927
2008-06-05 00:00:00+00:00,0.02741528,0.01457658
2008-06-06 00:00:00+00:00,0.06463531,0.00619228
2008-06-09 00:00:00+00:00,-0.01056006,-0.00309832
2008-06-10 00:00:00+00:00,0.00497819,-0.00751025
2008-06-11 00:00:00+00:00,0.06108610,0.00781086
2008-06-12 00:00:00+00:00,0.00436477,-0.00047521
2008-06-13 00:00:00+00:00,-0.00161921,0.00422923
2008-06-16 00:00:00+00:00,-0.00642487,0.00732406
2008-06-17 00:00:00+00:00,0.01330501,0.00092378
2008-06-18 00:00:00+00:00,0.01941085,0.00486317
2008-06-19 00:00:00+00:00,-0.02791549,-0.00431538
2008-06-20 00:00:00+00:00,0.00939991,0.00034896
2008-06-23 00:00:00+00:00,0.01563287,-0.00334595
2008-06-24 00:00:00+00:00,-0.00599768,-0.00264817
2008-06-25 00:00:00+00:00,0.00618470,-0.00292787
2008-06-26 00:00:00+00:00,0.06197209,0.00711871
2008-06-27 00:00:00+00:00,0.00799866,0.00863436
2008-06-30 00:00:00+00:00,-0.00718169,-0.00290808
2008-07-01 00:00:00+00:00,-0.00224872,0.00887750
2008-07-02 00:00:00+00:00,0.04272356,0.00497940
2008-07-03 00:00:00+00:00,0.00206201,-0.00056564
2008-07-07 00:00:00+00:00,-0.03142709,-0.01605050
2008-07-08 00:00:00+00:00,-0.04707880,-0.00886924
2008-07-09 00:00:00+00:00,0.01818358,-0.00421106
2008-07-10 00:00:00+00:00,0.01121334,0.00866685
2008-07-11 00:00:00+00:00,0.01194807,-0.00009777
2008-07-14 00:00:00+00:00,-0.00217338,-0.00137145
2008-07-15 00:00:00+00:00,-0.02298550,-0.01296484
2008-07-16 00:00:00+00:00,-0.03190230,0.00255047
2008-07-17 00:00:00+00:00,-0.06079182,-0.01403354
2008-07-18 00:00:00+00:00,-0.01566200,-0.00938701
2008-07-21 00:00:00+00:00,-0.00685411,-0.00291278
2008-07-22 00:00:00+00:00,-0.03672084,-0.00847814
2008-07-23 00:00:00+00:00,-0.02679129,-0.00957387
2008-07-24 00:00:00+00:00,0.00923648,-0.00652705
2008-07-25 00:00:00+00:00,-0.01353799,-0.00226516
2008-07-28 00:00:00+00:00,0.02479173,0.00120354
2008-07-29 00:00:00+00:00,-0.01738342,0.00230364
2008-07-30 00:00:00+00:00,0.00266128,0.00681594
2008-07-31 00:00:00+00:00,-0.00738519,-0.00258756
2008-08-01 00:00:00+00:00,0.00540522,-0.00663972
2008-08-04 00:00:00+00:00,-0.04303913,-0.02163020
2008-08-05 00:00:00+00:00,-0.04156483,-0.00477610
2008-08-06 00:00:00+00:00,-0.01837779,-0.00416252
2008-08-07 00:00:00+00:00,0.01950678,0.00018592
2008-08-08 00:00:00+00:00,-0.06096686,-0.01458454
2008-08-11 00:00:00+00:00,-0.00768540,-0.00538938
2008-08-12 00:00:00+00:00,0.01250884,-0.00379186
2008-08-13 00:00:00+00:00,0.04863461,0.01363358
2008-08-14 00:00:00+00:00,-0.00594370,-0.00177827
2008-08-15 00:00:00+00:00,-0.03276760,-0.01635160
2008-08-18 00:00:00+00:00,0.04343735,0.00436655
2008-08-19 00:00:00+00:00,0.02116714,0.00307026
2008-08-20 00:00:00+00:00,0.01196141,0.00607792
2008-08-21 00:00:00+00:00,0.04403141,0.01633931
2008-08-22 00:00:00+00:00,-0.04405986,-0.00673575
2008-08-25 00:00:00+00:00,0.02153790,-0.00239884
2008-08-26 00:00:00+00:00,-0.00184558,0.00394909
2008-08-27 00:00:00+00:00,0.00218247,0.00584665
2008-08-28 00:00:00+00:00,-0.02657223,-0.00523127
2008-08-29 00:00:00+00:00,0.01200849,-0.00505683
2008-09-02 00:00:00+00:00,-0.02718271,-0.02227637
2008-09-03 00:00:00+00:00,-0.01526260,-0.00467926
2008-09-04 00:00:00+00:00,0.02352071,-0.00929074
2008-09-05 00:00:00+00:00,-0.03147433,-0.01354361
2008-09-08 00:00:00+00:00,-0.00950079,0.00302190
2008-09-09 00:00:00+00:00,0.01234450,-0.00976842
2008-09-10 00:00:00+00:00,-0.01745583,-0.01185663
2008-09-11 00:00:00+00:00,-0.02856116,-0.00005386
2008-09-12 00:00:00+00:00,0.02140950,0.02693961
2008-09-15 00:00:00+00:00,0.03321570,-0.01931914
2008-09-16 00:00:00+00:00,-0.04925932,-0.01668398
2008-09-17 00:00:00+00:00,0.10620974,0.02182684
2008-09-18 00:00:00+00:00,-0.05822004,0.01157479
2008-09-19 00:00:00+00:00,-0.01761418,0.01447451
2008-09-22 00:00:00+00:00,0.11314090,0.00965462
2008-09-23 00:00:00+00:00,-0.01103954,-0.01139617
2008-09-24 00:00:00+00:00,-0.01669892,-0.00130129
2008-09-25 00:00:00+00:00,-0.00620855,0.00273756
2008-09-26 00:00:00+00:00,-0.02668938,-0.00458875
2008-09-29 00:00:00+00:00,0.01415469,-0.03985005
2008-09-30 00:00:00+00:00,-0.03765786,-0.00135885
2008-10-01 00:00:00+00:00,0.00440733,0.00033555
2008-10-02 00:00:00+00:00,-0.01067734,-0.03631859
2008-10-03 00:00:00+00:00,0.01265375,-0.00387170
2008-10-06 00:00:00+00:00,-0.02192910,-0.03072862
2008-10-07 00:00:00+00:00,0.04573692,-0.00862773
2008-10-08 00:00:00+00:00,0.03373900,-0.00590673
2008-10-09 00:00:00+00:00,0.01865464,-0.01289168
2008-10-10 00:00:00+00:00,0.02240416,-0.04417449
2008-10-13 00:00:00+00:00,-0.13126400,0.04118608
2008-10-14 00:00:00+00:00,0.01238488,-0.00597033
2008-10-15 00:00:00+00:00,0.07974331,-0.04793770
2008-10-16 00:00:00+00:00,-0.03230604,-0.00101842
2008-10-17 00:00:00+00:00,-0.01046081,0.00415508
2008-10-20 00:00:00+00:00,-0.01484656,0.02244685
2008-10-21 00:00:00+00:00,0.04354212,-0.01415304
2008-10-22 00:00:00+00:00,0.03938348,-0.03830824
2008-10-23 00:00:00+00:00,0.00981764,0.00177394
2008-10-24 00:00:00+00:00,0.02772811,-0.02525393
2008-10-27 00:00:00+00:00,0.03247855,-0.00366118
2008-10-28 00:00:00+00:00,-0.08803448,0.02469097
2008-10-29 00:00:00+00:00,-0.03527418,0.02738266
2008-10-30 00:00:00+00:00,-0.00642789,-0.00329401
2008-10-31 00:00:00+00:00,-0.00862761,0.00779902
2008-11-03 00:00:00+00:00,0.00492914,-0.00050139
2008-11-04 00:00:00+00:00,-0.01784237,0.03367762
2008-11-05 00:00:00+00:00,0.04848308,-0.03055844
2008-11-06 00:00:00+00:00,0.02204095,-0.02446786
2008-11-07 00:00:00+00:00,-0.00819856,0.00415368
2008-11-10 00:00:00+00:00,-0.00499281,0.01440794
2008-11-11 00:00:00+00:00,0.04221637,-0.02879723
2008-11-12 00:00:00+00:00,0.03018458,-0.02385677
2008-11-13 00:00:00+00:00,0.00795395,0.00874189
2008-11-14 00:00:00+00:00,-0.01644899,0.00109405
2008-11-17 00:00:00+00:00,0.01379754,0.00010488
2008-11-18 00:00:00+00:00,-0.00376391,0.00366211
2008-11-19 00:00:00+00:00,0.04849658,-0.01586708
2008-11-20 00:00:00+00:00,0.03706261,-0.03065136
2008-11-21 00:00:00+00:00,-0.04042554,0.01825025
2008-11-24 00:00:00+00:00,-0.07083049,0.04478452
2008-11-25 00:00:00+00:00,0.01755873,-0.00904286
2008-11-26 00:00:00+00:00,-0.01377245,0.02174811
2008-11-28 00:00:00+00:00,0.01564097,-0.00461648
2008-12-01 00:00:00+00:00,0.06389693,-0.03918959
2008-12-02 00:00:00+00:00,-0.01298214,0.00329007
2008-12-03 00:00:00+00:00,0.00671061,0.00109149
2008-12-04 00:00:00+00:00,0.02722820,-0.02223383
2008-12-05 00:00:00+00:00,-0.00086592,-0.01848986
2008-12-08 00:00:00+00:00,-0.06513386,0.03240495
2008-12-09 00:00:00+00:00,0.02772811,-0.00849592
2008-12-10 00:00:00+00:00,-0.02322421,0.01811780
2008-12-11 00:00:00+00:00,-0.02144037,0.01268454
2008-12-12 00:00:00+00:00,0.02354860,-0.00190314
2008-12-15 00:00:00+00:00,0.02521679,0.00277291
2008-12-16 00:00:00+00:00,0.01095209,0.01630272
2008-12-17 00:00:00+00:00,0.03286606,-0.00256860
2008-12-18 00:00:00+00:00,0.05460538,-0.01499758
2008-12-19 00:00:00+00:00,0.00930945,-0.01368116
2008-12-22 00:00:00+00:00,-0.06971629,0.00835919
2008-12-23 00:00:00+00:00,0.02910218,-0.00314109
2008-12-24 00:00:00+00:00,0.02613299,-0.00140469
2008-12-26 00:00:00+00:00,-0.02454231,0.01553970
2008-12-29 00:00:00+00:00,-0.01869180,0.00912698
2008-12-30 00:00:00+00:00,-0.00555283,0.00194396
2008-12-31 00:00:00+00:00,-0.07911361,0.01985937
2009-01-02 00:00:00+00:00,-0.03458228,0.01338258
2009-01-05 00:00:00+00:00,-0.03382323,0.00490906
2009-01-06 00:00:00+00:00,-0.03064526,0.01334891
2009-01-07 00:00:00+00:00,0.06194539,-0.02818971
2009-01-08 00:00:00+00:00,0.01441529,-0.00653278
2009-01-09 00:00:00+00:00,-0.00406873,0.00328967
2009-01-12 00:00:00+00:00,0.04790388,-0.02565574
2009-01-13 00:00:00+00:00,-0.01460868,-0.00447529
2009-01-14 00:00:00+00:00,0.03660313,-0.01789314
2009-01-15 00:00:00+00:00,0.01781872,-0.00610353
2009-01-16 00:00:00+00:00,-0.03724727,0.02384741
2009-01-20 00:00:00+00:00,0.00243480,-0.01224139
2009-01-21 00:00:00+00:00,-0.03887374,0.01655716
2009-01-22 00:00:00+00:00,0.00701772,-0.00743048
2009-01-23 00:00:00+00:00,-0.03543303,0.01183432
2009-01-26 00:00:00+00:00,-0.03046379,0.00909573
2009-01-27 00:00:00+00:00,0.05260900,-0.01436555
2009-01-28 00:00:00+00:00,-0.02933970,0.00798500
2009-01-29 00:00:00+00:00,0.01172560,-0.00906952
2009-01-30 00:00:00+00:00,0.00254279,-0.00230563
2009-02-02 00:00:00+00:00,0.02521923,-0.00540254
2009-02-03 00:00:00+00:00,-0.04245510,0.00067908
2009-02-04 00:00:00+00:00,-0.00407391,0.00142966
2009-02-05 00:00:00+00:00,-0.00319066,0.01226528
2009-02-06 00:00:00+00:00,-0.04143254,0.01875720
2009-02-09 00:00:00+00:00,0.00242749,-0.00598607
2009-02-10 00:00:00+00:00,0.05475058,-0.01322161
2009-02-11 00:00:00+00:00,0.02284419,-0.00234607
2009-02-12 00:00:00+00:00,0.02224229,-0.00326116
2009-02-13 00:00:00+00:00,-0.03648152,-0.00098610
2009-02-17 00:00:00+00:00,0.07885543,-0.02355084
2009-02-18 00:00:00+00:00,-0.00689049,-0.00090550
2009-02-19 00:00:00+00:00,-0.03947442,0.00549317
2009-02-20 00:00:00+00:00,0.02907707,-0.00622624
2009-02-23 00:00:00+00:00,-0.00668332,-0.00588573
2009-02-24 00:00:00+00:00,-0.04216529,0.01479363
2009-02-25 00:00:00+00:00,-0.01583324,0.00079292
2009-02-26 00:00:00+00:00,-0.02885304,-0.00417444
2009-02-27 00:00:00+00:00,-0.00263620,-0.00638096
2009-03-02 00:00:00+00:00,0.04363247,-0.01981701
2009-03-03 00:00:00+00:00,-0.04441199,0.00222972
2009-03-04 00:00:00+00:00,-0.05184621,0.02156834
2009-03-05 00:00:00+00:00,0.05396532,-0.01126081
2009-03-06 00:00:00+00:00,-0.00433234,0.00731956
2009-03-09 00:00:00+00:00,0.00612315,-0.01035865
2009-03-10 00:00:00+00:00,-0.00556563,0.00947766
2009-03-11 00:00:00+00:00,0.03802184,-0.00670336
2009-03-12 00:00:00+00:00,-0.04635751,0.03071834
2009-03-13 00:00:00+00:00,0.00367997,0.00166759
2009-03-16 00:00:00+00:00,-0.01720164,0.00508542
2009-03-17 00:00:00+00:00,-0.00452892,0.00499691
2009-03-18 00:00:00+00:00,0.04990578,-0.00019753
2009-03-19 00:00:00+00:00,-0.09567209,0.03616638
2009-03-20 00:00:00+00:00,-0.00050422,0.00401250
2009-03-23 00:00:00+00:00,-0.03676941,0.01244803
2009-03-24 00:00:00+00:00,0.00051516,-0.00544831
2009-03-25 00:00:00+00:00,0.00068615,-0.00669840
2009-03-26 00:00:00+00:00,0.02448569,0.00656722
2009-03-27 00:00:00+00:00,0.04434516,-0.01774877
2009-03-30 00:00:00+00:00,0.02203099,-0.01817374
2009-03-31 00:00:00+00:00,-0.02269378,0.01772007
2009-04-01 00:00:00+00:00,0.01429974,-0.00058368
2009-04-02 00:00:00+00:00,-0.04550179,0.01863492
2009-04-03 00:00:00+00:00,-0.03167035,0.00274417
2009-04-06 00:00:00+00:00,0.01901667,-0.01335958
2009-04-07 00:00:00+00:00,0.02569862,-0.00968117
2009-04-08 00:00:00+00:00,-0.00699234,0.00769395
2009-04-09 00:00:00+00:00,-0.02966032,0.01109024
2009-04-13 00:00:00+00:00,0.00558158,0.00485037
2009-04-14 00:00:00+00:00,0.00133793,0.00006957
2009-04-15 00:00:00+00:00,-0.01289939,0.00304357
2009-04-16 00:00:00+00:00,0.00233862,0.00290746
2009-04-17 00:00:00+00:00,-0.02505914,-0.00118088
2009-04-20 00:00:00+00:00,0.06165283,-0.02172113
2009-04-21 00:00:00+00:00,-0.00158232,0.00383134
2009-04-22 00:00:00+00:00,-0.01301837,0.00098181
2009-04-23 00:00:00+00:00,0.02207596,0.00179332
2009-04-24 00:00:00+00:00,-0.01032633,0.00648014
2009-04-27 00:00:00+00:00,0.02882968,-0.00989294
2009-04-28 00:00:00+00:00,0.00281768,-0.00692375
2009-04-29 00:00:00+00:00,-0.03670705,0.01803333
2009-04-30 00:00:00+00:00,-0.00534003,0.00175267
2009-05-01 00:00:00+00:00,-0.04048138,0.01488266
2009-05-04 00:00:00+00:00,-0.03261416,0.01732948
2009-05-05 00:00:00+00:00,0.02451598,-0.00263684
2009-05-06 00:00:00+00:00,-0.05884796,0.01934513
2009-05-07 00:00:00+00:00,-0.02566234,-0.00019370
2009-05-08 00:00:00+00:00,-0.02839877,0.01100613
2009-05-11 00:00:00+00:00,0.01594301,-0.00302682
2009-05-12 00:00:00+00:00,-0.01151876,0.00688862
2009-05-13 00:00:00+00:00,0.02578617,-0.00939941
2009-05-14 00:00:00+00:00,0.00113678,0.00245501
2009-05-15 00:00:00+00:00,0.02763030,-0.01037838
2009-05-18 00:00:00+00:00,-0.02979598,0.01064027
2009-05-19 00:00:00+00:00,0.01777611,-0.00025269
2009-05-20 00:00:00+00:00,-0.01795685,0.00809714
2009-05-21 00:00:00+00:00,0.04477547,-0.01382239
2009-05-22 00:00:00+00:00,-0.00485037,0.00087922
2009-05-26 00:00:00+00:00,-0.01667331,0.00886201
2009-05-27 00:00:00+00:00,-0.00421796,-0.00424450
2009-05-28 00:00:00+00:00,-0.05293214,0.01683294
2009-05-29 00:00:00+00:00,0.00349995,0.01205928
2009-06-01 00:00:00+00:00,-0.07763389,0.02158071
2009-06-02 00:00:00+00:00,0.01687081,-0.00099937
2009-06-03 00:00:00+00:00,0.05556094,-0.02048495
2009-06-04 00:00:00+00:00,-0.03353947,0.01721622
2009-06-05 00:00:00+00:00,-0.01378960,-0.00727683
2009-06-08 00:00:00+00:00,0.01675133,-0.00894049
2009-06-09 00:00:00+00:00,-0.02264805,0.01051503
2009-06-10 00:00:00+00:00,-0.00515968,-0.00092082
2009-06-11 00:00:00+00:00,-0.03454943,0.01399665
2009-06-12 00:00:00+00:00,0.01924020,-0.01202475
2009-06-15 00:00:00+00:00,-0.00977425,-0.01351170
2009-06-16 00:00:00+00:00,0.01222062,-0.00319938
2009-06-17 00:00:00+00:00,-0.01140983,0.00515389
2009-06-18 00:00:00+00:00,0.00244608,-0.00443249
2009-06-19 00:00:00+00:00,0.01768822,-0.00380904
2009-06-22 00:00:00+00:00,0.03645099,-0.02289725
2009-06-23 00:00:00+00:00,-0.01437605,0.00745953
2009-06-24 00:00:00+00:00,0.00003471,0.00154850
2009-06-25 00:00:00+00:00,-0.01306133,0.01138887
2009-06-26 00:00:00+00:00,-0.00269621,0.00174369
2009-06-29 00:00:00+00:00,-0.01118327,0.00332539
2009-06-30 00:00:00+00:00,0.02201978,-0.01569339
2009-07-01 00:00:00+00:00,-0.00608965,0.00581694
2009-07-02 00:00:00+00:00,0.03302080,-0.01699974
2009-07-06 00:00:00+00:00,0.02913934,-0.01154303
2009-07-07 00:00:00+00:00,0.01943374,-0.01329925
2009-07-08 00:00:00+00:00,0.03523229,-0.01182688
2009-07-09 00:00:00+00:00,-0.02493736,0.00727007
2009-07-10 00:00:00+00:00,0.00872553,-0.00164051
2009-07-13 00:00:00+00:00,-0.01123875,0.00408047
2009-07-14 00:00:00+00:00,-0.00675244,0.00335793
2009-07-15 00:00:00+00:00,0.02182495,0.00225033
2009-07-16 00:00:00+00:00,-0.01371830,0.00636240
2009-07-17 00:00:00+00:00,-0.01905714,0.00802213
2009-07-20 00:00:00+00:00,0.00019740,0.01047323
2009-07-21 00:00:00+00:00,0.01881995,-0.00114028
2009-07-22 00:00:00+00:00,-0.00854440,0.00428900
2009-07-23 00:00:00+00:00,-0.02693825,0.00433625
2009-07-24 00:00:00+00:00,0.00300046,0.00477984
2009-07-27 00:00:00+00:00,-0.00549115,0.00105212
2009-07-28 00:00:00+00:00,0.01249752,-0.00410383
2009-07-29 00:00:00+00:00,0.02618458,-0.01155066
2009-07-30 00:00:00+00:00,-0.05971159,0.02590767
2009-07-31 00:00:00+00:00,-0.00387363,0.01175589
2009-08-03 00:00:00+00:00,-0.07024539,0.02394472
2009-08-04 00:00:00+00:00,0.00582433,0.00153538
2009-08-05 00:00:00+00:00,0.00133315,0.00009159
2009-08-06 00:00:00+00:00,0.04222327,-0.01245036
2009-08-07 00:00:00+00:00,0.01709693,-0.00229931
2009-08-10 00:00:00+00:00,0.00252171,-0.00161644
2009-08-11 00:00:00+00:00,0.01048891,-0.00226074
2009-08-12 00:00:00+00:00,-0.00254948,0.00524239
2009-08-13 00:00:00+00:00,0.02296913,0.00265233
2009-08-14 00:00:00+00:00,0.02755203,-0.01629734
2009-08-17 00:00:00+00:00,0.01752793,-0.01943723
2009-08-18 00:00:00+00:00,-0.00611922,0.00397507
2009-08-19 00:00:00+00:00,-0.01966883,0.00859346
2009-08-20 00:00:00+00:00,0.01608954,-0.00303065
2009-08-21 00:00:00+00:00,-0.00120958,0.00316240
2009-08-24 00:00:00+00:00,-0.02289464,0.01114035
2009-08-25 00:00:00+00:00,0.02555958,-0.00473341
2009-08-26 00:00:00+00:00,0.00202447,0.00060362
2009-08-27 00:00:00+00:00,-0.00202928,0.00150630
2009-08-28 00:00:00+00:00,-0.01238862,0.01250230
2009-08-31 00:00:00+00:00,0.00992392,-0.00921727
2009-09-01 00:00:00+00:00,0.04384416,-0.01884187
2009-09-02 00:00:00+00:00,0.01424103,0.00122960
2009-09-03 00:00:00+00:00,0.02479172,-0.00029216
2009-09-04 00:00:00+00:00,-0.01041343,0.00401029
2009-09-08 00:00:00+00:00,-0.02302738,0.01281718
2009-09-09 00:00:00+00:00,-0.00774345,0.00103780
2009-09-10 00:00:00+00:00,-0.03947429,0.01825590
2009-09-11 00:00:00+00:00,0.02804335,-0.00768649
2009-09-14 00:00:00+00:00,-0.01407974,-0.00053254
2009-09-15 00:00:00+00:00,-0.06886252,0.01964652
2009-09-16 00:00:00+00:00,-0.02039603,0.01722842
2009-09-17 00:00:00+00:00,0.02767229,-0.00848727
2009-09-18 00:00:00+00:00,-0.00877463,-0.00094438
2009-09-21 00:00:00+00:00,0.02347903,-0.01151528
2009-09-22 00:00:00+00:00,-0.01962761,0.00842093
2009-09-23 00:00:00+00:00,-0.01000385,0.00038276
2009-09-24 00:00:00+00:00,-0.00540848,-0.00923824
2009-09-25 00:00:00+00:00,-0.00222889,0.00021078
2009-09-28 00:00:00+00:00,0.00660359,0.00089142
2009-09-29 00:00:00+00:00,-0.07281009,0.02287677
2009-09-30 00:00:00+00:00,-0.01523902,0.01124933
2009-10-01 00:00:00+00:00,0.01543649,-0.01550201
2009-10-02 00:00:00+00:00,-0.00080881,-0.00457337
2009-10-05 00:00:00+00:00,-0.02137752,0.01308114
2009-10-06 00:00:00+00:00,-0.00993403,0.01435485
2009-10-07 00:00:00+00:00,0.00752093,0.00257402
2009-10-08 00:00:00+00:00,-0.00752292,0.01076842
2009-10-09 00:00:00+00:00,0.00973777,-0.00308793
2009-10-12 00:00:00+00:00,-0.02970362,0.01278677
2009-10-13 00:00:00+00:00,0.00064045,-0.00448800
2009-10-14 00:00:00+00:00,0.00915296,0.00196960
2009-10-15 00:00:00+00:00,-0.00998652,-0.00261691
2009-10-16 00:00:00+00:00,-0.02197027,0.00436378
2009-10-19 00:00:00+00:00,-0.00829369,0.01253394
2009-10-20 00:00:00+00:00,-0.00869280,0.00353957
2009-10-21 00:00:00+00:00,-0.01692766,0.00621667
2009-10-22 00:00:00+00:00,0.00055707,-0.00082277
2009-10-23 00:00:00+00:00,0.01538667,-0.00650915
2009-10-26 00:00:00+00:00,0.03708998,-0.01584317
2009-10-27 00:00:00+00:00,-0.02177920,-0.00563363
2009-10-28 00:00:00+00:00,0.00732118,-0.01297894
2009-10-29 00:00:00+00:00,-0.04195204,0.02690468
2009-10-30 00:00:00+00:00,0.01251345,-0.01258363
2009-11-02 00:00:00+00:00,-0.01573084,0.00428931
2009-11-03 00:00:00+00:00,-0.00544191,0.01039448
2009-11-04 00:00:00+00:00,0.01959187,-0.00167128
2009-11-05 00:00:00+00:00,0.01595957,0.00015328
2009-11-06 00:00:00+00:00,0.00108405,-0.00701572
2009-11-09 00:00:00+00:00,0.00439865,0.01509822
2009-11-10 00:00:00+00:00,-0.00205389,-0.00296069
2009-11-11 00:00:00+00:00,0.00678576,0.00549795
2009-11-12 00:00:00+00:00,-0.00649941,-0.00797973
2009-11-13 00:00:00+00:00,0.00687797,0.00350672
2009-11-16 00:00:00+00:00,0.02835017,0.02458756
2009-11-17 00:00:00+00:00,0.00022437,0.00111995
2009-11-18 00:00:00+00:00,0.00537465,-0.00577652
2009-11-19 00:00:00+00:00,-0.00416610,-0.00300109
2009-11-20 00:00:00+00:00,0.00366896,0.00064176
2009-11-23 00:00:00+00:00,0.00150702,0.00450284
2009-11-24 00:00:00+00:00,0.00367596,-0.00196750
2009-11-25 00:00:00+00:00,-0.00379966,0.02054746
2009-11-27 00:00:00+00:00,-0.00752446,-0.00506436
2009-11-30 00:00:00+00:00,0.01053481,0.00174620
2009-12-01 00:00:00+00:00,0.02493167,0.00650988
2009-12-02 00:00:00+00:00,0.01331804,-0.00782922
2009-12-03 00:00:00+00:00,0.00239429,-0.00511869
2009-12-04 00:00:00+00:00,-0.02387152,-0.00712813
2009-12-07 00:00:00+00:00,-0.01246292,0.00270867
2009-12-08 00:00:00+00:00,-0.02733557,-0.00599612
2009-12-09 00:00:00+00:00,-0.02210840,-0.01045737
2009-12-10 00:00:00+00:00,-0.00101873,0.00827028
2009-12-11 00:00:00+00:00,0.00365134,0.00024445
2009-12-14 00:00:00+00:00,0.00414048,0.00705553
2009-12-15 00:00:00+00:00,0.00775965,0.00550483
2009-12-16 00:00:00+00:00,0.02038122,0.00609017
2009-12-17 00:00:00+00:00,-0.02916577,-0.00733299
2009-12-18 00:00:00+00:00,0.01060592,0.00135406
2009-12-21 00:00:00+00:00,0.00067234,-0.00466412
2009-12-22 00:00:00+00:00,0.02253410,-0.00092993
2009-12-23 00:00:00+00:00,0.01968735,0.00886230
2009-12-24 00:00:00+00:00,0.02543935,0.00419446
2009-12-28 00:00:00+00:00,0.00876903,0.01100287
2009-12-29 00:00:00+00:00,-0.01175706,-0.00425245
2009-12-30 00:00:00+00:00,-0.00378137,-0.00212765
2009-12-31 00:00:00+00:00,0.00611918,-0.00425474
2010-01-04 00:00:00+00:00,0.02558008,0.01644290
2010-01-05 00:00:00+00:00,0.00450604,0.00046661
2010-01-06 00:00:00+00:00,0.02138474,0.01067425
2010-01-07 00:00:00+00:00,-0.00238718,-0.00688268
2010-01-08 00:00:00+00:00,-0.00153871,0.00165052
2010-01-11 00:00:00+00:00,0.00359561,-0.00343407
2010-01-12 00:00:00+00:00,-0.02574759,-0.01163012
2010-01-13 00:00:00+00:00,-0.00093330,0.00136059
2010-01-14 00:00:00+00:00,-0.00051298,-0.00095329
2010-01-15 00:00:00+00:00,-0.00786340,-0.00373135
2010-01-19 00:00:00+00:00,0.02110144,0.00443819
2010-01-20 00:00:00+00:00,-0.00837904,-0.00705049
2010-01-21 00:00:00+00:00,-0.00940484,-0.00270550
2010-01-22 00:00:00+00:00,-0.05238402,-0.01553794
2010-01-25 00:00:00+00:00,0.00915377,-0.00019035
2010-01-26 00:00:00+00:00,-0.00258300,-0.00472972
2010-01-27 00:00:00+00:00,-0.00334478,-0.00505492
2010-01-28 00:00:00+00:00,-0.03016812,-0.01182984
2010-01-29 00:00:00+00:00,-0.02685546,-0.00936046
2010-02-01 00:00:00+00:00,0.01248972,0.01075511
2010-02-02 00:00:00+00:00,0.01100950,0.00920525
2010-02-03 00:00:00+00:00,-0.00747234,-0.00774941
2010-02-04 00:00:00+00:00,-0.05289272,-0.01842372
2010-02-05 00:00:00+00:00,-0.01516888,-0.00139220
2010-02-08 00:00:00+00:00,0.00626338,0.00081825
2010-02-09 00:00:00+00:00,0.02069567,0.00497148
2010-02-10 00:00:00+00:00,0.00030604,0.00098988
2010-02-11 00:00:00+00:00,0.02370520,0.01111717
2010-02-12 00:00:00+00:00,-0.00299233,0.00042449
2010-02-16 00:00:00+00:00,0.01324931,0.01103335
2010-02-17 00:00:00+00:00,0.01605107,-0.00116992
2010-02-18 00:00:00+00:00,0.01886996,-0.00020572
2010-02-19 00:00:00+00:00,-0.00195058,-0.00029234
2010-02-22 00:00:00+00:00,-0.00348186,0.00168232
2010-02-23 00:00:00+00:00,-0.02128163,-0.00767080
2010-02-24 00:00:00+00:00,0.00384757,0.00484428
2010-02-25 00:00:00+00:00,-0.00709464,0.00141558
2010-02-26 00:00:00+00:00,0.00353506,0.00973719
2010-03-01 00:00:00+00:00,0.01276876,-0.00100392
2010-03-02 00:00:00+00:00,0.01095799,0.00774114
2010-03-03 00:00:00+00:00,0.00332645,0.00512999
2010-03-04 00:00:00+00:00,-0.00106823,-0.00754871
2010-03-05 00:00:00+00:00,0.02292917,0.00377024
2010-03-08 00:00:00+00:00,0.00182091,-0.00114849
2010-03-09 00:00:00+00:00,0.00449603,-0.00092748
2010-03-10 00:00:00+00:00,0.00312230,0.00025028
2010-03-11 00:00:00+00:00,0.00271227,-0.00375989
2010-03-12 00:00:00+00:00,-0.00245522,-0.00165400
2010-03-15 00:00:00+00:00,-0.01153357,-0.00085445
2010-03-16 00:00:00+00:00,0.00938155,0.00890015
2010-03-17 00:00:00+00:00,0.00933743,0.00613850
2010-03-18 00:00:00+00:00,0.00003588,-0.00453073
2010-03-19 00:00:00+00:00,-0.00275343,-0.00089058
2010-03-22 00:00:00+00:00,-0.00104766,-0.00272582
2010-03-23 00:00:00+00:00,0.01154304,-0.00042158
2010-03-24 00:00:00+00:00,0.00241856,-0.00800791
2010-03-25 00:00:00+00:00,0.00284507,-0.00676780
2010-03-26 00:00:00+00:00,-0.00241297,-0.00070250
2010-03-29 00:00:00+00:00,0.01918533,0.00693893
2010-03-30 00:00:00+00:00,0.00369360,0.00468571
2010-03-31 00:00:00+00:00,-0.00067526,-0.00517089
2010-04-01 00:00:00+00:00,0.01048154,0.01080531
2010-04-05 00:00:00+00:00,0.02277165,0.00613490
2010-04-06 00:00:00+00:00,-0.00056682,-0.00170546
2010-04-07 00:00:00+00:00,-0.01135939,0.00338793
2010-04-08 00:00:00+00:00,0.00037605,-0.00467777
2010-04-09 00:00:00+00:00,0.00124533,0.00507017
2010-04-12 00:00:00+00:00,-0.01006710,0.00070187
2010-04-13 00:00:00+00:00,-0.00494432,0.00464617
2010-04-14 00:00:00+00:00,0.01517995,0.00686526
2010-04-15 00:00:00+00:00,-0.00677506,-0.00113159
2010-04-16 00:00:00+00:00,-0.02370266,-0.00566372
2010-04-19 00:00:00+00:00,0.00602985,-0.00771719
2010-04-20 00:00:00+00:00,0.00323702,0.00676895
2010-04-21 00:00:00+00:00,-0.00642509,0.00185845
2010-04-22 00:00:00+00:00,-0.00318512,0.00322549
2010-04-23 00:00:00+00:00,0.01803793,0.00316429
2010-04-26 00:00:00+00:00,-0.00346380,-0.00050297
2010-04-27 00:00:00+00:00,-0.02628375,-0.00976276
2010-04-28 00:00:00+00:00,0.00133700,0.00349794
2010-04-29 00:00:00+00:00,0.00621121,0.00342201
2010-04-30 00:00:00+00:00,-0.01460966,-0.00075962
2010-05-03 00:00:00+00:00,0.00939254,0.00182541
2010-05-04 00:00:00+00:00,-0.03807040,-0.01476511
2010-05-05 00:00:00+00:00,-0.01614172,-0.00469682
2010-05-06 00:00:00+00:00,-0.03668448,-0.01067087
2010-05-07 00:00:00+00:00,-0.00990574,0.00147686
2010-05-10 00:00:00+00:00,0.04228926,0.01474289
2010-05-11 00:00:00+00:00,0.00909646,0.00434111
2010-05-12 00:00:00+00:00,0.00256340,0.00847506
2010-05-13 00:00:00+00:00,0.00100329,-0.00347319
2010-05-14 00:00:00+00:00,0.00759756,-0.01083716
2010-05-17 00:00:00+00:00,-0.02898766,-0.00954633
2010-05-18 00:00:00+00:00,0.00456029,-0.00067673
2010-05-19 00:00:00+00:00,0.00147299,-0.00680658
2010-05-20 00:00:00+00:00,-0.01448089,-0.01067447
2010-05-21 00:00:00+00:00,-0.00661565,0.00379376
2010-05-24 00:00:00+00:00,0.00741058,-0.00024524
2010-05-25 00:00:00+00:00,0.00583293,-0.00337985
2010-05-26 00:00:00+00:00,-0.01153620,0.00446985
2010-05-27 00:00:00+00:00,0.00830585,0.01989748
2010-05-28 00:00:00+00:00,0.01250095,-0.00684793
2010-06-01 00:00:00+00:00,0.01388866,-0.00731059
2010-06-02 00:00:00+00:00,-0.00602564,0.00652871
2010-06-03 00:00:00+00:00,-0.03693778,0.00639798
2010-06-04 00:00:00+00:00,-0.01159468,-0.01772238
2010-06-07 00:00:00+00:00,0.01550825,0.00065660
2010-06-08 00:00:00+00:00,0.01202928,0.00281375
2010-06-09 00:00:00+00:00,-0.00477785,0.00046939
2010-06-10 00:00:00+00:00,-0.00962128,0.00454045
2010-06-11 00:00:00+00:00,0.00544119,0.00816089
2010-06-14 00:00:00+00:00,-0.00402591,0.00778061
2010-06-15 00:00:00+00:00,0.01098049,0.01138809
2010-06-16 00:00:00+00:00,-0.01654923,-0.00036309
2010-06-17 00:00:00+00:00,0.02097189,0.00542020
2010-06-18 00:00:00+00:00,-0.01040277,-0.00307864
2010-06-21 00:00:00+00:00,-0.01075577,-0.00359097
2010-06-22 00:00:00+00:00,-0.00054446,-0.00477987
2010-06-23 00:00:00+00:00,0.01019225,-0.00167594
2010-06-24 00:00:00+00:00,0.00465894,-0.00404508
2010-06-25 00:00:00+00:00,0.00388882,0.00691807
2010-06-28 00:00:00+00:00,0.00312914,-0.00386666
2010-06-29 00:00:00+00:00,0.00401423,-0.02057451
2010-06-30 00:00:00+00:00,-0.02137671,0.00666421
2010-07-01 00:00:00+00:00,-0.02173591,-0.00524011
2010-07-02 00:00:00+00:00,-0.00712629,-0.00431032
2010-07-06 00:00:00+00:00,-0.00042253,0.00327765
2010-07-07 00:00:00+00:00,-0.03243088,0.01351973
2010-07-08 00:00:00+00:00,-0.02760681,0.00232390
2010-07-09 00:00:00+00:00,0.00035050,0.00382303
2010-07-12 00:00:00+00:00,-0.00575010,-0.00166287
2010-07-13 00:00:00+00:00,0.01058760,0.00446631
2010-07-14 00:00:00+00:00,-0.00698034,0.00267047
2010-07-15 00:00:00+00:00,0.00005265,0.00827249
2010-07-16 00:00:00+00:00,-0.00928210,-0.00830583
2010-07-19 00:00:00+00:00,-0.01846537,-0.00807086
2010-07-20 00:00:00+00:00,0.00388300,0.00674870
2010-07-21 00:00:00+00:00,0.01372362,0.00111071
2010-07-22 00:00:00+00:00,0.00899831,0.01062672
2010-07-23 00:00:00+00:00,0.00542357,0.00065483
2010-07-26 00:00:00+00:00,0.00651416,0.00081552
2010-07-27 00:00:00+00:00,-0.00703654,-0.00421297
2010-07-28 00:00:00+00:00,-0.00210994,0.00505754
2010-07-29 00:00:00+00:00,-0.00808722,0.00307507
2010-07-30 00:00:00+00:00,0.00022469,0.01036823
2010-08-02 00:00:00+00:00,0.00869680,0.00381191
2010-08-03 00:00:00+00:00,-0.00515024,0.00004176
2010-08-04 00:00:00+00:00,0.00931838,0.00575463
2010-08-05 00:00:00+00:00,-0.00419613,-0.00248342
2010-08-06 00:00:00+00:00,-0.00206442,-0.00174917
2010-08-09 00:00:00+00:00,0.00168589,-0.00202266
2010-08-10 00:00:00+00:00,-0.00971429,-0.00606538
2010-08-11 00:00:00+00:00,-0.00052334,-0.00721727
2010-08-12 00:00:00+00:00,0.01397124,0.00032876
2010-08-13 00:00:00+00:00,0.00482639,0.00003610
2010-08-16 00:00:00+00:00,-0.00431246,0.00265474
2010-08-17 00:00:00+00:00,0.00888343,0.00633515
2010-08-18 00:00:00+00:00,0.00423785,-0.00057949
2010-08-19 00:00:00+00:00,-0.00372427,-0.00659754
2010-08-20 00:00:00+00:00,0.00276824,-0.00302787
2010-08-23 00:00:00+00:00,-0.00579924,-0.00336233
2010-08-24 00:00:00+00:00,-0.00995389,-0.00655207
2010-08-25 00:00:00+00:00,-0.00240224,-0.00325546
2010-08-26 00:00:00+00:00,0.00050375,0.00350871
2010-08-27 00:00:00+00:00,-0.00117720,0.00146594
2010-08-30 00:00:00+00:00,0.00782138,0.00706974
2010-08-31 00:00:00+00:00,0.00335520,-0.00141786
2010-09-01 00:00:00+00:00,0.00552149,0.00946907
2010-09-02 00:00:00+00:00,0.00255453,0.00417445
2010-09-03 00:00:00+00:00,0.01883460,0.01126483
2010-09-07 00:00:00+00:00,-0.00543757,-0.00151845
2010-09-08 00:00:00+00:00,-0.00245160,0.00080576
2010-09-09 00:00:00+00:00,0.00316386,-0.00351570
2010-09-10 00:00:00+00:00,0.00607671,0.00476591
2010-09-13 00:00:00+00:00,0.00060510,0.00908837
2010-09-14 00:00:00+00:00,0.01377039,0.00492983
2010-09-15 00:00:00+00:00,0.01023907,0.00429310
2010-09-16 00:00:00+00:00,0.00822676,0.00055724
2010-09-17 00:00:00+00:00,0.00901469,0.00687604
2010-09-20 00:00:00+00:00,-0.01329407,-0.00051209
2010-09-21 00:00:00+00:00,-0.00104863,-0.00066822
2010-09-22 00:00:00+00:00,0.00117905,0.00539348
2010-09-23 00:00:00+00:00,0.00968712,0.00186403
2010-09-24 00:00:00+00:00,0.00208535,0.00984401
2010-09-27 00:00:00+00:00,-0.00967796,-0.00234010
2010-09-28 00:00:00+00:00,-0.00187536,0.00112878
2010-09-29 00:00:00+00:00,0.00806822,0.00496669
2010-09-30 00:00:00+00:00,-0.01066599,-0.00259055
2010-10-01 00:00:00+00:00,-0.01504301,-0.00667286
2010-10-04 00:00:00+00:00,-0.00049306,-0.00156742
2010-10-05 00:00:00+00:00,0.01659897,0.01533583
2010-10-06 00:00:00+00:00,0.00600790,0.00467484
2010-10-07 00:00:00+00:00,-0.01048010,-0.00798826
2010-10-08 00:00:00+00:00,0.02479613,0.01479640
2010-10-11 00:00:00+00:00,0.02939520,0.00763025
2010-10-12 00:00:00+00:00,0.01160631,0.00382716
2010-10-13 00:00:00+00:00,-0.00427190,0.00526801
2010-10-14 00:00:00+00:00,0.00199451,-0.00114922
2010-10-15 00:00:00+00:00,0.02053919,-0.00065310
2010-10-18 00:00:00+00:00,-0.00177412,0.00094601
2010-10-19 00:00:00+00:00,-0.02599309,-0.01155771
2010-10-20 00:00:00+00:00,0.01922202,0.01249323
2010-10-21 00:00:00+00:00,-0.01256242,-0.01117790
2010-10-22 00:00:00+00:00,0.00064864,0.00087091
2010-10-25 00:00:00+00:00,0.01800220,0.00696403
2010-10-26 00:00:00+00:00,0.00502576,0.00024845
2010-10-27 00:00:00+00:00,-0.00311249,-0.00531531
2010-10-28 00:00:00+00:00,-0.00470625,0.01829837
2010-10-29 00:00:00+00:00,0.00254914,0.00555993
2010-11-01 00:00:00+00:00,0.00374102,-0.00211119
2010-11-02 00:00:00+00:00,0.00682363,0.00633294
2010-11-03 00:00:00+00:00,-0.00806724,-0.00216224
2010-11-04 00:00:00+00:00,0.03394855,0.02114403
2010-11-05 00:00:00+00:00,0.01297090,0.00498531
2010-11-08 00:00:00+00:00,0.00275286,0.00414768
2010-11-09 00:00:00+00:00,0.03526790,0.00735153
2010-11-10 00:00:00+00:00,-0.03004027,-0.01063420
2010-11-11 00:00:00+00:00,0.01648587,-0.00007170
2010-11-12 00:00:00+00:00,-0.04777157,-0.02564839
2010-11-15 00:00:00+00:00,0.02627656,0.00453935
2010-11-16 00:00:00+00:00,-0.04736037,-0.02177938
2010-11-17 00:00:00+00:00,-0.00447002,0.00233190
2010-11-18 00:00:00+00:00,0.03906593,0.01595637
2010-11-19 00:00:00+00:00,-0.02169405,-0.00138819
2010-11-22 00:00:00+00:00,0.00283693,0.00353258
2010-11-23 00:00:00+00:00,0.01090894,0.00002221
2010-11-24 00:00:00+00:00,0.01770335,0.00760057
2010-11-26 00:00:00+00:00,-0.00908552,-0.00009802
2010-11-29 00:00:00+00:00,-0.00501154,-0.00236594
2010-11-30 00:00:00+00:00,0.00946468,0.00143925
2010-12-01 00:00:00+00:00,0.03276044,0.01502551
2010-12-02 00:00:00+00:00,-0.00320976,0.00432842
2010-12-03 00:00:00+00:00,0.02090813,0.00830499
2010-12-06 00:00:00+00:00,-0.00702869,0.00443522
2010-12-07 00:00:00+00:00,0.00776348,-0.00616530
2010-12-08 00:00:00+00:00,-0.00451189,0.00097230
2010-12-09 00:00:00+00:00,0.00911827,-0.00147398
2010-12-10 00:00:00+00:00,0.00255067,-0.00135382
2010-12-13 00:00:00+00:00,0.02554862,0.01055679
2010-12-14 00:00:00+00:00,0.01057701,-0.00500129
2010-12-15 00:00:00+00:00,-0.00584612,-0.00421548
2010-12-16 00:00:00+00:00,-0.00553062,-0.00458417
2010-12-17 00:00:00+00:00,0.00639357,0.00678233
2010-12-20 00:00:00+00:00,0.00675368,0.00594084
2010-12-21 00:00:00+00:00,0.01046872,0.00169880
2010-12-22 00:00:00+00:00,0.00645456,0.00178532
2010-12-23 00:00:00+00:00,0.00207160,0.00001746
2010-12-27 00:00:00+00:00,0.00039263,0.00257812
2010-12-28 00:00:00+00:00,0.02481934,0.00621352
2010-12-29 00:00:00+00:00,-0.00511432,0.00458826
2010-12-30 00:00:00+00:00,-0.00026638,-0.00194668
2010-12-31 00:00:00+00:00,0.01448903,0.00979326
2011-01-03 00:00:00+00:00,0.00280281,0.00401589
2011-01-04 00:00:00+00:00,-0.03121044,-0.01134242
2011-01-05 00:00:00+00:00,0.01316537,-0.00088591
2011-01-06 00:00:00+00:00,-0.01840647,-0.00605300
2011-01-07 00:00:00+00:00,-0.01751392,-0.00319208
2011-01-10 00:00:00+00:00,0.01150100,0.00391201
2011-01-11 00:00:00+00:00,0.00121502,0.00571397
2011-01-12 00:00:00+00:00,0.02842844,0.01111255
2011-01-13 00:00:00+00:00,0.00081373,-0.00166999
2011-01-14 00:00:00+00:00,-0.00789753,-0.00059027
2011-01-18 00:00:00+00:00,0.01508083,0.00359179
2011-01-19 00:00:00+00:00,-0.01256922,-0.00324720
2011-01-20 00:00:00+00:00,-0.00381176,-0.00697211
2011-01-21 00:00:00+00:00,-0.00199823,0.00224248
2011-01-24 00:00:00+00:00,-0.00278359,-0.00117495
2011-01-25 00:00:00+00:00,-0.02196639,-0.00894648
2011-01-26 00:00:00+00:00,0.01629444,0.00467643
2011-01-27 00:00:00+00:00,-0.00089992,-0.00438274
2011-01-28 00:00:00+00:00,0.00401967,0.00488345
2011-01-31 00:00:00+00:00,0.01452137,0.00929128
2011-02-01 00:00:00+00:00,0.01783864,0.00502446
2011-02-02 00:00:00+00:00,0.00271136,0.00010400
2011-02-03 00:00:00+00:00,0.00346792,-0.00104764
2011-02-04 00:00:00+00:00,0.01575648,0.00054757
2011-02-07 00:00:00+00:00,0.00126131,-0.00393818
2011-02-08 00:00:00+00:00,0.01757035,0.00229075
2011-02-09 00:00:00+00:00,0.01119954,0.00398990
2011-02-10 00:00:00+00:00,0.00029676,-0.00305730
2011-02-11 00:00:00+00:00,-0.00280862,-0.00045717
2011-02-14 00:00:00+00:00,-0.00735930,0.00069387
2011-02-15 00:00:00+00:00,-0.01160952,-0.00268955
2011-02-16 00:00:00+00:00,0.00012455,-0.00081945
2011-02-17 00:00:00+00:00,0.02786127,0.00940109
2011-02-18 00:00:00+00:00,-0.00433658,0.00042262
2011-02-22 00:00:00+00:00,-0.03467290,-0.00401744
2011-02-23 00:00:00+00:00,0.01650179,0.00546241
2011-02-24 00:00:00+00:00,-0.00340515,-0.00211877
2011-02-25 00:00:00+00:00,0.01740562,0.01403624
2011-02-28 00:00:00+00:00,0.00842651,0.00507715
2011-03-01 00:00:00+00:00,0.01245411,-0.00093611
2011-03-02 00:00:00+00:00,0.00783326,0.00156557
2011-03-03 00:00:00+00:00,0.01395755,0.00191369
2011-03-04 00:00:00+00:00,0.00022726,0.00458224
2011-03-07 00:00:00+00:00,-0.00690812,-0.00263971
2011-03-08 00:00:00+00:00,-0.00692634,-0.00311085
2011-03-09 00:00:00+00:00,-0.01184959,-0.00268056
2011-03-10 00:00:00+00:00,-0.01846137,-0.01034198
2011-03-11 00:00:00+00:00,-0.00740086,0.00147521
2011-03-14 00:00:00+00:00,-0.00152972,0.00003917
2011-03-15 00:00:00+00:00,-0.04535542,-0.01836458
2011-03-16 00:00:00+00:00,-0.00606831,-0.00090575
2011-03-17 00:00:00+00:00,0.02578529,0.01808906
2011-03-18 00:00:00+00:00,0.03382642,0.01012605
2011-03-21 00:00:00+00:00,0.01312348,0.00324755
2011-03-22 00:00:00+00:00,0.00349279,0.00362523
2011-03-23 00:00:00+00:00,0.00476806,0.00502566
2011-03-24 00:00:00+00:00,0.01616136,0.00308385
2011-03-25 00:00:00+00:00,-0.00721133,0.00095900
2011-03-28 00:00:00+00:00,-0.00939821,-0.00762036
2011-03-29 00:00:00+00:00,0.00629634,0.00049290
2011-03-30 00:00:00+00:00,-0.00016623,0.00323981
2011-03-31 00:00:00+00:00,0.02700530,0.00987769
2011-04-01 00:00:00+00:00,0.01950529,0.00274674
2011-04-04 00:00:00+00:00,0.01264415,0.00334795
2011-04-05 00:00:00+00:00,0.00936049,-0.00007228
2011-04-06 00:00:00+00:00,0.00440655,0.00068075
2011-04-07 00:00:00+00:00,-0.00394648,-0.00054332
2011-04-08 00:00:00+00:00,0.02083291,0.00730563
2011-04-11 00:00:00+00:00,-0.00385500,-0.00276764
2011-04-12 00:00:00+00:00,-0.02940422,-0.01105201
2011-04-13 00:00:00+00:00,0.00135021,0.00203451
2011-04-14 00:00:00+00:00,0.01121459,0.00489701
2011-04-15 00:00:00+00:00,-0.00337076,0.00435268
2011-04-18 00:00:00+00:00,0.00743841,-0.00327684
2011-04-19 00:00:00+00:00,0.00446411,0.00697141
2011-04-20 00:00:00+00:00,0.00468253,0.00863938
2011-04-21 00:00:00+00:00,0.01915057,0.00941166
2011-04-25 00:00:00+00:00,0.01734097,0.00382063
2011-04-26 00:00:00+00:00,-0.01699513,-0.00129193
2011-04-27 00:00:00+00:00,0.00141132,0.00061674
2011-04-28 00:00:00+00:00,-0.01336348,0.00403024
2011-04-29 00:00:00+00:00,0.03071485,0.01101504
2011-05-02 00:00:00+00:00,-0.02648488,-0.00631658
2011-05-03 00:00:00+00:00,-0.03870435,-0.01089583
2011-05-04 00:00:00+00:00,-0.02390028,-0.01240321
2011-05-05 00:00:00+00:00,-0.04567712,-0.02674223
2011-05-06 00:00:00+00:00,-0.01721209,-0.00646224
2011-05-09 00:00:00+00:00,0.02712995,0.01275070
2011-05-10 00:00:00+00:00,0.01329068,0.00821302
2011-05-11 00:00:00+00:00,-0.04102495,-0.02026315
2011-05-12 00:00:00+00:00,0.00496415,0.00361875
2011-05-13 00:00:00+00:00,-0.00448623,-0.00110012
2011-05-16 00:00:00+00:00,-0.00467764,-0.00221022
2011-05-17 00:00:00+00:00,0.01046676,-0.00114935
2011-05-18 00:00:00+00:00,0.04012124,0.01606125
2011-05-19 00:00:00+00:00,-0.00103505,-0.00382634
2011-05-20 00:00:00+00:00,0.00269550,0.00490670
2011-05-23 00:00:00+00:00,-0.00833902,-0.00464670
2011-05-24 00:00:00+00:00,0.00038012,0.00220052
2011-05-25 00:00:00+00:00,0.01568637,0.00884060
2011-05-26 00:00:00+00:00,-0.00154347,0.00093603
2011-05-27 00:00:00+00:00,0.00436942,0.00848448
2011-05-31 00:00:00+00:00,-0.00579846,0.00686698
2011-06-01 00:00:00+00:00,-0.00009546,-0.00684998
2011-06-02 00:00:00+00:00,-0.00215370,-0.00015007
2011-06-03 00:00:00+00:00,-0.00380325,-0.00334075
2011-06-06 00:00:00+00:00,-0.01569907,-0.00273075
2011-06-07 00:00:00+00:00,0.00711008,0.00150614
2011-06-08 00:00:00+00:00,0.00756707,0.00227427
2011-06-09 00:00:00+00:00,0.01475107,0.00233299
2011-06-10 00:00:00+00:00,-0.01108363,-0.00745812
2011-06-13 00:00:00+00:00,-0.01354564,-0.00850397
2011-06-14 00:00:00+00:00,-0.00358785,0.00262416
2011-06-15 00:00:00+00:00,-0.01976270,-0.00913570
2011-06-16 00:00:00+00:00,-0.01781313,-0.00455838
2011-06-17 00:00:00+00:00,-0.00333149,-0.00198815
2011-06-20 00:00:00+00:00,0.00399411,-0.00101512
2011-06-21 00:00:00+00:00,0.01003129,0.00650591
2011-06-22 00:00:00+00:00,-0.00952068,-0.00582538
2011-06-23 00:00:00+00:00,-0.02044037,-0.01112551
2011-06-24 00:00:00+00:00,-0.00896822,-0.00284088
2011-06-27 00:00:00+00:00,-0.00536497,-0.00209163
2011-06-28 00:00:00+00:00,0.01850477,0.00883898
2011-06-29 00:00:00+00:00,0.01946077,0.00857487
2011-06-30 00:00:00+00:00,-0.03507430,-0.00517150
2011-07-01 00:00:00+00:00,0.00965523,-0.00029059
2011-07-05 00:00:00+00:00,0.03042232,0.01600982
2011-07-06 00:00:00+00:00,-0.01308538,-0.00378908
2011-07-07 00:00:00+00:00,0.01370258,0.00638793
2011-07-08 00:00:00+00:00,0.00276937,0.00369215
2011-07-11 00:00:00+00:00,-0.01659541,-0.00227358
2011-07-12 00:00:00+00:00,0.00594251,0.00470671
2011-07-13 00:00:00+00:00,0.02890994,0.01347903
2011-07-14 00:00:00+00:00,0.00237267,-0.00412183
2011-07-15 00:00:00+00:00,-0.00575661,0.00584893
2011-07-18 00:00:00+00:00,0.00663370,-0.00090672
2011-07-19 00:00:00+00:00,0.00419308,0.00620273
2011-07-20 00:00:00+00:00,-0.00735453,-0.00420938
2011-07-21 00:00:00+00:00,-0.00582630,-0.00222103
2011-07-22 00:00:00+00:00,0.01155142,0.00621223
2011-07-25 00:00:00+00:00,0.00034718,-0.00355444
2011-07-26 00:00:00+00:00,0.01051633,0.00413869
2011-07-27 00:00:00+00:00,-0.00185686,-0.00807077
2011-07-28 00:00:00+00:00,-0.00583097,-0.00430736
2011-07-29 00:00:00+00:00,-0.01237266,-0.00336194
2011-08-01 00:00:00+00:00,-0.01162640,-0.00125201
2011-08-02 00:00:00+00:00,0.00779936,0.00151352
2011-08-03 00:00:00+00:00,0.00176923,0.00049998
2011-08-04 00:00:00+00:00,-0.03594687,-0.02341931
2011-08-05 00:00:00+00:00,-0.01391613,-0.00747858
2011-08-08 00:00:00+00:00,-0.03089496,-0.01820785
2011-08-09 00:00:00+00:00,-0.00451036,0.01185941
2011-08-10 00:00:00+00:00,0.02092947,-0.00124483
2011-08-11 00:00:00+00:00,-0.00558701,0.01504362
2011-08-12 00:00:00+00:00,-0.00306422,0.00340003
2011-08-15 00:00:00+00:00,0.00913921,0.00642141
2011-08-16 00:00:00+00:00,0.01391624,-0.00023285
2011-08-17 00:00:00+00:00,0.00367955,0.00330271
2011-08-18 00:00:00+00:00,0.00535600,-0.01458594
2011-08-19 00:00:00+00:00,0.02239209,0.00431187
2011-08-22 00:00:00+00:00,0.02180464,0.00551873
2011-08-23 00:00:00+00:00,-0.01275373,0.00940678
2011-08-24 00:00:00+00:00,-0.04332921,-0.01112690
2011-08-25 00:00:00+00:00,-0.00042140,0.00012228
2011-08-26 00:00:00+00:00,0.01584092,0.01044623
2011-08-29 00:00:00+00:00,0.00303064,0.00596979
2011-08-30 00:00:00+00:00,0.02163468,0.01191674
2011-08-31 00:00:00+00:00,-0.00072581,0.00508738
2011-09-01 00:00:00+00:00,-0.01178906,-0.00703669
2011-09-02 00:00:00+00:00,0.02946256,-0.00195477
2011-09-06 00:00:00+00:00,-0.00828964,-0.00487389
2011-09-07 00:00:00+00:00,-0.02063109,0.00584416
2011-09-08 00:00:00+00:00,0.00979524,0.00134855
2011-09-09 00:00:00+00:00,-0.00450110,-0.01041150
2011-09-12 00:00:00+00:00,-0.01559832,-0.00443267
2011-09-13 00:00:00+00:00,0.00189253,0.00408471
2011-09-14 00:00:00+00:00,-0.00340068,0.00087849
2011-09-15 00:00:00+00:00,-0.01785683,-0.00471333
2011-09-16 00:00:00+00:00,0.01515598,0.00083716
2011-09-19 00:00:00+00:00,-0.02457151,-0.01028799
2011-09-20 00:00:00+00:00,0.01486111,0.00201460
2011-09-21 00:00:00+00:00,0.00099900,-0.00846463
2011-09-22 00:00:00+00:00,-0.05428427,-0.03268947
2011-09-23 00:00:00+00:00,-0.07030219,-0.02598298
2011-09-26 00:00:00+00:00,-0.01087100,0.00421127
2011-09-27 00:00:00+00:00,0.03522487,0.01710679
2011-09-28 00:00:00+00:00,-0.01692258,-0.02042625
2011-09-29 00:00:00+00:00,-0.00903170,0.00184421
2011-09-30 00:00:00+00:00,-0.01536607,-0.02089672
2011-10-03 00:00:00+00:00,0.01740628,-0.00502083
2011-10-04 00:00:00+00:00,-0.02207409,-0.00383364
2011-10-05 00:00:00+00:00,0.02483991,0.01076850
2011-10-06 00:00:00+00:00,0.01765796,0.01489677
2011-10-07 00:00:00+00:00,-0.00807523,-0.00712395
2011-10-10 00:00:00+00:00,-0.00538624,0.01643290
2011-10-11 00:00:00+00:00,0.01644065,0.00998075
2011-10-12 00:00:00+00:00,0.00579533,0.00068666
2011-10-13 00:00:00+00:00,0.00247084,-0.00105808
2011-10-14 00:00:00+00:00,-0.02857514,0.01450085
2011-10-17 00:00:00+00:00,0.00234039,-0.00711044
2011-10-18 00:00:00+00:00,0.00292561,0.00260769
2011-10-19 00:00:00+00:00,0.00732521,-0.01052166
2011-10-20 00:00:00+00:00,0.00954354,-0.00772082
2011-10-21 00:00:00+00:00,0.00637627,0.00879742
2011-10-24 00:00:00+00:00,-0.04914701,0.01776806
2011-10-25 00:00:00+00:00,0.01553445,0.00537200
2011-10-26 00:00:00+00:00,0.01008056,-0.00254140
2011-10-27 00:00:00+00:00,-0.00205458,0.01919115
2011-10-28 00:00:00+00:00,-0.03613819,0.00965216
2011-10-31 00:00:00+00:00,-0.00858654,-0.00873383
2011-11-01 00:00:00+00:00,0.01970373,-0.01290316
2011-11-02 00:00:00+00:00,0.00198578,0.00548303
2011-11-03 00:00:00+00:00,0.00945817,0.01098482
2011-11-04 00:00:00+00:00,-0.00277506,-0.00215312
2011-11-07 00:00:00+00:00,0.02922870,0.00243605
2011-11-08 00:00:00+00:00,0.00083448,0.00484042
2011-11-09 00:00:00+00:00,0.01413171,-0.01425595
2011-11-10 00:00:00+00:00,-0.00106242,-0.00353014
2011-11-11 00:00:00+00:00,0.00591026,0.00427596
2011-11-14 00:00:00+00:00,-0.00381067,-0.00079007
2011-11-15 00:00:00+00:00,-0.00414422,0.00335883
2011-11-16 00:00:00+00:00,0.00414404,-0.00558080
2011-11-17 00:00:00+00:00,-0.03313457,-0.01806865
2011-11-18 00:00:00+00:00,0.00517504,-0.00433284
2011-11-21 00:00:00+00:00,-0.01250149,-0.01033913
2011-11-22 00:00:00+00:00,0.01459092,0.00756313
2011-11-23 00:00:00+00:00,-0.00095020,-0.01155562
2011-11-25 00:00:00+00:00,-0.01086252,-0.00488838
2011-11-28 00:00:00+00:00,0.01320276,0.01193721
2011-11-29 00:00:00+00:00,-0.01548957,0.00934460
2011-11-30 00:00:00+00:00,0.00620529,0.01540913
2011-12-01 00:00:00+00:00,-0.00946722,-0.00102885
2011-12-02 00:00:00+00:00,-0.00368963,0.00112999
2011-12-05 00:00:00+00:00,0.00122543,-0.00321665
2011-12-06 00:00:00+00:00,0.00360576,0.00120533
2011-12-07 00:00:00+00:00,0.01152729,-0.00014056
2011-12-08 00:00:00+00:00,-0.00756079,-0.00829699
2011-12-09 00:00:00+00:00,0.01645546,0.00131010
2011-12-12 00:00:00+00:00,-0.00194086,-0.01235541
2011-12-13 00:00:00+00:00,0.00083694,0.00231775
2011-12-14 00:00:00+00:00,0.01059366,-0.02468102
2011-12-15 00:00:00+00:00,-0.00465594,0.00013784
2011-12-16 00:00:00+00:00,-0.00265430,0.00729414
2011-12-19 00:00:00+00:00,-0.00025833,-0.00393904
2011-12-20 00:00:00+00:00,-0.00876700,0.01418488
2011-12-21 00:00:00+00:00,-0.01569257,0.00076072
2011-12-22 00:00:00+00:00,-0.00703738,0.00365745
2011-12-23 00:00:00+00:00,-0.00589110,0.00089512
2011-12-27 00:00:00+00:00,-0.01295880,0.00318926
2011-12-28 00:00:00+00:00,-0.00020693,-0.00864240
2011-12-29 00:00:00+00:00,0.00452772,-0.00079695
2011-12-30 00:00:00+00:00,0.00372939,0.00423000
2012-01-03 00:00:00+00:00,-0.00552726,0.01660181
2012-01-04 00:00:00+00:00,-0.00615930,0.00046452
2012-01-05 00:00:00+00:00,0.02050365,-0.00599907
2012-01-06 00:00:00+00:00,-0.00421612,0.00057483
2012-01-09 00:00:00+00:00,-0.01124502,0.00144958
2012-01-10 00:00:00+00:00,0.00565530,0.00623875
2012-01-11 00:00:00+00:00,0.02593819,-0.00458103
2012-01-12 00:00:00+00:00,0.00387128,-0.00589600
2012-01-13 00:00:00+00:00,0.01231206,-0.00557362
2012-01-17 00:00:00+00:00,0.01127805,0.00407128
2012-01-18 00:00:00+00:00,-0.00258282,0.00125987
2012-01-19 00:00:00+00:00,0.00131466,-0.00166296
2012-01-20 00:00:00+00:00,-0.00039185,0.00137003
2012-01-23 00:00:00+00:00,-0.03451970,0.01248023
2012-01-24 00:00:00+00:00,-0.00837673,0.00072699
2012-01-25 00:00:00+00:00,-0.00803312,0.01326362
2012-01-26 00:00:00+00:00,0.01267241,0.00196376
2012-01-27 00:00:00+00:00,-0.00249334,0.00279412
2012-01-30 00:00:00+00:00,0.01610753,-0.00397964
2012-01-31 00:00:00+00:00,0.02091021,-0.00492943
2012-02-01 00:00:00+00:00,-0.00100639,0.00081915
2012-02-02 00:00:00+00:00,-0.01630769,0.00549323
2012-02-03 00:00:00+00:00,-0.01580276,0.00216667
2012-02-06 00:00:00+00:00,-0.00458147,0.00016268
2012-02-07 00:00:00+00:00,0.01147257,0.00066621
2012-02-08 00:00:00+00:00,-0.00194566,-0.00114869
2012-02-09 00:00:00+00:00,-0.00792799,0.00303067
2012-02-10 00:00:00+00:00,0.01115631,-0.00514379
2012-02-13 00:00:00+00:00,-0.00511671,0.00350641
2012-02-14 00:00:00+00:00,-0.00576978,0.00200997
2012-02-15 00:00:00+00:00,0.00927214,-0.00391123
2012-02-16 00:00:00+00:00,-0.01662992,0.00692263
2012-02-17 00:00:00+00:00,-0.00920535,0.00345974
2012-02-21 00:00:00+00:00,-0.00541385,0.00576179
2012-02-22 00:00:00+00:00,0.00243610,0.00205782
2012-02-23 00:00:00+00:00,0.00292507,0.00620105
2012-02-24 00:00:00+00:00,0.00296007,-0.00057739
2012-02-27 00:00:00+00:00,0.00766930,-0.00090833
2012-02-28 00:00:00+00:00,-0.01394558,0.00878051
2012-02-29 00:00:00+00:00,-0.01846298,-0.00701791
2012-03-01 00:00:00+00:00,0.00589923,0.00096924
2012-03-02 00:00:00+00:00,-0.00159600,-0.00259917
2012-03-05 00:00:00+00:00,0.01675841,-0.00809281
2012-03-06 00:00:00+00:00,0.00641627,-0.00999798
2012-03-07 00:00:00+00:00,0.00546682,0.00150576
2012-03-08 00:00:00+00:00,-0.00443054,0.00322111
2012-03-09 00:00:00+00:00,-0.01586357,0.00659974
2012-03-12 00:00:00+00:00,-0.00531350,-0.00295764
2012-03-13 00:00:00+00:00,-0.01016258,0.00676944
2012-03-14 00:00:00+00:00,-0.00658612,-0.01047457
2012-03-15 00:00:00+00:00,0.00017371,0.00440400
2012-03-16 00:00:00+00:00,-0.00683986,0.00339041
2012-03-19 00:00:00+00:00,0.00021721,0.00030346
2012-03-20 00:00:00+00:00,0.01720118,-0.01067567
2012-03-21 00:00:00+00:00,0.00307417,0.00403807
2012-03-22 00:00:00+00:00,0.00950659,-0.00998483
2012-03-23 00:00:00+00:00,-0.00005286,0.00764033
2012-03-26 00:00:00+00:00,0.01338515,0.00541209
2012-03-27 00:00:00+00:00,0.00945245,-0.00233332
2012-03-28 00:00:00+00:00,0.01176455,-0.00927673
2012-03-29 00:00:00+00:00,0.01605335,-0.00542797
2012-03-30 00:00:00+00:00,-0.03163610,0.00928637
2012-04-02 00:00:00+00:00,-0.01341275,0.01028377
2012-04-03 00:00:00+00:00,-0.01095651,-0.00177285
2012-04-04 00:00:00+00:00,0.00480276,-0.01078500
2012-04-05 00:00:00+00:00,0.01238936,-0.00056014
2012-04-09 00:00:00+00:00,0.01740002,-0.00215664
2012-04-10 00:00:00+00:00,0.01932628,-0.00861444
2012-04-11 00:00:00+00:00,0.00617289,-0.00036600
2012-04-12 00:00:00+00:00,-0.01144898,0.00974594
2012-04-13 00:00:00+00:00,0.00482577,-0.00730257
2012-04-16 00:00:00+00:00,-0.00849355,-0.00082212
2012-04-17 00:00:00+00:00,0.01058787,0.00149336
2012-04-18 00:00:00+00:00,0.01043976,-0.00811507
2012-04-19 00:00:00+00:00,0.00363572,0.00106568
2012-04-20 00:00:00+00:00,-0.01169598,0.00376173
2012-04-23 00:00:00+00:00,0.00763783,-0.00242596
2012-04-24 00:00:00+00:00,-0.00461745,0.00195363
2012-04-25 00:00:00+00:00,-0.00496000,0.00667497
2012-04-26 00:00:00+00:00,0.00307276,0.00550346
2012-04-27 00:00:00+00:00,-0.03306276,0.01511492
2012-04-30 00:00:00+00:00,-0.01104616,0.00326387
2012-05-01 00:00:00+00:00,-0.01289605,0.00342576
2012-05-02 00:00:00+00:00,0.02429174,-0.00906177
2012-05-03 00:00:00+00:00,-0.00518726,-0.00407213
2012-05-04 00:00:00+00:00,0.00040862,-0.00545522
2012-05-07 00:00:00+00:00,-0.00840574,0.00180993
2012-05-08 00:00:00+00:00,0.00515490,-0.00601210
2012-05-09 00:00:00+00:00,-0.00529687,-0.00359516
2012-05-10 00:00:00+00:00,-0.00004009,0.00112652
2012-05-11 00:00:00+00:00,-0.00106304,-0.00724423
2012-05-14 00:00:00+00:00,0.02218351,-0.01041709
2012-05-15 00:00:00+00:00,0.00512330,-0.00096925
2012-05-16 00:00:00+00:00,0.00409085,0.00091830
2012-05-17 00:00:00+00:00,-0.00468745,0.00191296
2012-05-18 00:00:00+00:00,-0.03069857,0.00331038
2012-05-21 00:00:00+00:00,0.01586886,0.00238685
2012-05-22 00:00:00+00:00,-0.01109050,-0.00750031
2012-05-23 00:00:00+00:00,0.01759258,-0.00469394
2012-05-24 00:00:00+00:00,-0.00376199,-0.00131480
2012-05-25 00:00:00+00:00,0.00263417,-0.00138290
2012-05-29 00:00:00+00:00,0.02292142,-0.00520369
2012-05-30 00:00:00+00:00,0.00867349,-0.00631247
2012-05-31 00:00:00+00:00,0.00004882,-0.00431136
2012-06-01 00:00:00+00:00,0.00810069,-0.00667293
2012-06-04 00:00:00+00:00,-0.00423648,0.00300320
2012-06-05 00:00:00+00:00,-0.00347506,0.00394806
2012-06-06 00:00:00+00:00,-0.01359741,0.01452572
2012-06-07 00:00:00+00:00,0.03179306,-0.00642177
2012-06-08 00:00:00+00:00,-0.00290929,0.00086281
2012-06-11 00:00:00+00:00,0.01015350,-0.00603161
2012-06-12 00:00:00+00:00,-0.00148142,0.00454411
2012-06-13 00:00:00+00:00,0.00122404,-0.00312834
2012-06-14 00:00:00+00:00,-0.03430161,0.01324296
2012-06-15 00:00:00+00:00,0.01650528,-0.00088745
2012-06-18 00:00:00+00:00,-0.02765431,0.00884795
2012-06-19 00:00:00+00:00,0.00234617,0.00358927
2012-06-20 00:00:00+00:00,0.00165798,-0.00385219
2012-06-21 00:00:00+00:00,0.02220915,-0.01944293
2012-06-22 00:00:00+00:00,-0.00704820,0.00413958
2012-06-25 00:00:00+00:00,-0.04445234,0.01024627
2012-06-26 00:00:00+00:00,-0.01621847,0.00404522
2012-06-27 00:00:00+00:00,0.00559440,0.00219102
2012-06-28 00:00:00+00:00,0.01252012,-0.00816796
2012-06-29 00:00:00+00:00,-0.03942583,0.03010560
2012-07-02 00:00:00+00:00,-0.00524679,0.00233602
2012-07-03 00:00:00+00:00,-0.03355825,0.01650885
2012-07-05 00:00:00+00:00,-0.02340811,0.00541741
2012-07-06 00:00:00+00:00,0.03774976,-0.01635996
2012-07-09 00:00:00+00:00,-0.03210555,0.01234471
2012-07-10 00:00:00+00:00,0.01705452,-0.01263381
2012-07-11 00:00:00+00:00,-0.02205256,0.00339985
2012-07-12 00:00:00+00:00,0.00020872,0.00119318
2012-07-13 00:00:00+00:00,-0.00930677,0.00754274
2012-07-16 00:00:00+00:00,0.00839670,0.00016818
2012-07-17 00:00:00+00:00,0.00394170,0.00131646
2012-07-18 00:00:00+00:00,-0.00171345,0.01056325
2012-07-19 00:00:00+00:00,-0.00326219,0.00954163
2012-07-20 00:00:00+00:00,0.00734207,0.00065744
2012-07-23 00:00:00+00:00,-0.00035536,-0.01018534
2012-07-24 00:00:00+00:00,-0.00552964,-0.00577651
2012-07-25 00:00:00+00:00,0.00157296,0.00488584
2012-07-26 00:00:00+00:00,-0.00758555,0.00178121
2012-07-27 00:00:00+00:00,0.00569807,0.00507801
2012-07-30 00:00:00+00:00,-0.01121663,0.01076022
2012-07-31 00:00:00+00:00,0.00068273,-0.00423622
2012-08-01 00:00:00+00:00,0.00397067,-0.00633308
2012-08-02 00:00:00+00:00,0.03321201,-0.01401575
2012-08-03 00:00:00+00:00,-0.00811710,0.00988069
2012-08-06 00:00:00+00:00,-0.00899634,0.00037960
2012-08-07 00:00:00+00:00,-0.02638901,0.00633579
2012-08-08 00:00:00+00:00,0.00827177,0.00104083
2012-08-09 00:00:00+00:00,0.01005738,0.00498248
2012-08-10 00:00:00+00:00,0.01974861,-0.00563554
2012-08-13 00:00:00+00:00,0.00611974,-0.00783257
2012-08-14 00:00:00+00:00,-0.00475652,0.00267645
2012-08-15 00:00:00+00:00,0.00567853,-0.00168481
2012-08-16 00:00:00+00:00,-0.00246445,0.00434334
2012-08-17 00:00:00+00:00,0.00249633,0.00207313
2012-08-20 00:00:00+00:00,0.00056017,0.00550438
2012-08-21 00:00:00+00:00,-0.01471929,0.00912151
2012-08-22 00:00:00+00:00,-0.00427019,0.00277448
2012-08-23 00:00:00+00:00,-0.02370608,-0.00049597
2012-08-24 00:00:00+00:00,0.01274644,-0.00131835
2012-08-27 00:00:00+00:00,-0.00115047,-0.00159570
2012-08-28 00:00:00+00:00,0.00681332,-0.00173570
2012-08-29 00:00:00+00:00,0.00436999,0.00250318
2012-08-30 00:00:00+00:00,-0.00625447,-0.00015903
2012-08-31 00:00:00+00:00,-0.01312197,0.00858947
2012-09-04 00:00:00+00:00,-0.01474581,0.00396049
2012-09-05 00:00:00+00:00,-0.00828161,-0.00352004
2012-09-06 00:00:00+00:00,0.01333736,0.00461213
2012-09-07 00:00:00+00:00,-0.02099354,0.00486073
2012-09-10 00:00:00+00:00,-0.02540789,-0.00029179
2012-09-11 00:00:00+00:00,-0.01593519,0.00541360
2012-09-12 00:00:00+00:00,0.00966063,0.00223946
2012-09-13 00:00:00+00:00,-0.00633465,0.00954449
2012-09-14 00:00:00+00:00,-0.00292155,0.00018387
2012-09-17 00:00:00+00:00,0.00181044,-0.01166150
2012-09-18 00:00:00+00:00,-0.00031616,-0.00448910
2012-09-19 00:00:00+00:00,0.00376357,0.00077775
2012-09-20 00:00:00+00:00,-0.00392466,-0.00357392
2012-09-21 00:00:00+00:00,-0.00498002,0.00600321
2012-09-24 00:00:00+00:00,0.00571988,-0.00785467
2012-09-25 00:00:00+00:00,-0.01730815,0.00025032
2012-09-26 00:00:00+00:00,-0.01197547,-0.00470312
2012-09-27 00:00:00+00:00,-0.02097620,0.01304144
2012-09-28 00:00:00+00:00,-0.00364512,0.00526529
2012-10-01 00:00:00+00:00,-0.02168892,0.00425949
2012-10-02 00:00:00+00:00,-0.00460263,-0.00089463
2012-10-03 00:00:00+00:00,0.01191724,-0.00558183
2012-10-04 00:00:00+00:00,0.00323189,0.00669113
2012-10-05 00:00:00+00:00,0.00447642,-0.00600397
2012-10-08 00:00:00+00:00,-0.00880145,-0.00408915
2012-10-09 00:00:00+00:00,-0.00636346,0.00071848
2012-10-10 00:00:00+00:00,-0.00929415,-0.00352894
2012-10-11 00:00:00+00:00,0.01401515,0.00956764
2012-10-12 00:00:00+00:00,-0.01205982,-0.00605770
2012-10-15 00:00:00+00:00,-0.00645913,-0.00694526
2012-10-16 00:00:00+00:00,0.00847213,0.00135036
2012-10-17 00:00:00+00:00,0.01014200,0.00343367
2012-10-18 00:00:00+00:00,0.00542925,0.00311707
2012-10-19 00:00:00+00:00,-0.01533583,-0.01007582
2012-10-22 00:00:00+00:00,0.00884588,-0.00328755
2012-10-23 00:00:00+00:00,-0.00665295,-0.00596470
2012-10-24 00:00:00+00:00,0.00135959,-0.00334431
2012-10-25 00:00:00+00:00,-0.00288542,-0.00081896
2012-10-26 00:00:00+00:00,-0.00272860,0.00020196
2012-10-31 00:00:00+00:00,-0.00443899,0.00827752
2012-11-01 00:00:00+00:00,0.00901964,0.00379880
2012-11-02 00:00:00+00:00,-0.01622316,-0.01774960
2012-11-05 00:00:00+00:00,-0.00369636,0.00202288
2012-11-06 00:00:00+00:00,0.00859467,0.01088436
2012-11-07 00:00:00+00:00,-0.01602193,-0.01089612
2012-11-08 00:00:00+00:00,-0.01853663,0.00126960
2012-11-09 00:00:00+00:00,-0.01676572,-0.00294183
2012-11-12 00:00:00+00:00,-0.01173654,-0.00251179
2012-11-13 00:00:00+00:00,0.00542194,0.00336169
2012-11-14 00:00:00+00:00,-0.01230782,-0.00041636
2012-11-15 00:00:00+00:00,-0.00107007,-0.00504031
2012-11-16 00:00:00+00:00,-0.00279858,0.00361219
2012-11-19 00:00:00+00:00,0.00113560,0.00858127
2012-11-20 00:00:00+00:00,0.01649967,0.00073257
2012-11-21 00:00:00+00:00,-0.00398260,0.00130564
2012-11-23 00:00:00+00:00,-0.00981052,0.00938572
2012-11-26 00:00:00+00:00,0.00282771,-0.00260921
2012-11-27 00:00:00+00:00,0.01139919,0.00168218
2012-11-28 00:00:00+00:00,0.01426330,-0.00222752
2012-11-29 00:00:00+00:00,-0.01213054,0.00443954
2012-11-30 00:00:00+00:00,0.00787083,-0.00441993
2012-12-03 00:00:00+00:00,-0.00626466,0.00220361
2012-12-04 00:00:00+00:00,0.01536678,-0.00527707
2012-12-05 00:00:00+00:00,0.00865450,0.00602513
2012-12-06 00:00:00+00:00,0.00357768,-0.00103015
2012-12-07 00:00:00+00:00,-0.00710266,-0.00519186
2012-12-10 00:00:00+00:00,0.00003850,0.00013468
2012-12-11 00:00:00+00:00,0.00548642,-0.00105748
2012-12-12 00:00:00+00:00,-0.00438121,0.00107670
2012-12-13 00:00:00+00:00,-0.00244009,-0.00958475
2012-12-14 00:00:00+00:00,0.00116604,0.00145553
2012-12-17 00:00:00+00:00,0.00945123,0.00345083
2012-12-18 00:00:00+00:00,0.00198463,-0.00169629
2012-12-19 00:00:00+00:00,-0.01453018,-0.00699237
2012-12-20 00:00:00+00:00,-0.00709357,-0.00493894
2012-12-21 00:00:00+00:00,-0.00160657,0.00106507
2012-12-24 00:00:00+00:00,0.00293248,-0.00459754
2012-12-26 00:00:00+00:00,-0.01219788,0.00180366
2012-12-27 00:00:00+00:00,-0.00433803,-0.00042724
2012-12-28 00:00:00+00:00,-0.00411567,-0.00197812
2012-12-31 00:00:00+00:00,0.01091073,0.00639830
2013-01-02 00:00:00+00:00,0.01030364,0.00587426
2013-01-03 00:00:00+00:00,-0.00063034,-0.00472661
2013-01-04 00:00:00+00:00,-0.00623938,-0.00327485
2013-01-07 00:00:00+00:00,0.00724052,0.00124427
2013-01-08 00:00:00+00:00,-0.00077627,0.00095324
2013-01-09 00:00:00+00:00,0.00412209,-0.00135756
2013-01-10 00:00:00+00:00,0.00566808,0.00735727
2013-01-11 00:00:00+00:00,0.00159372,0.00203379
2013-01-14 00:00:00+00:00,0.00191863,0.00651900
2013-01-15 00:00:00+00:00,-0.00954307,0.00148232
2013-01-16 00:00:00+00:00,0.00463679,0.00130082
2013-01-17 00:00:00+00:00,0.00532449,0.00418821
2013-01-18 00:00:00+00:00,-0.00145219,0.00312016
2013-01-22 00:00:00+00:00,0.00780017,0.00506911
2013-01-23 00:00:00+00:00,-0.00060039,-0.00220687
2013-01-24 00:00:00+00:00,-0.00516585,-0.00490600
2013-01-25 00:00:00+00:00,0.00750641,-0.00232971
2013-01-28 00:00:00+00:00,0.00348461,-0.00397479
2013-01-29 00:00:00+00:00,0.00273203,0.00255032
2013-01-30 00:00:00+00:00,0.00036926,0.00882613
2013-01-31 00:00:00+00:00,-0.00372860,-0.00428154
2013-02-01 00:00:00+00:00,0.00879292,0.00407017
2013-02-04 00:00:00+00:00,-0.00799388,-0.00276413
2013-02-05 00:00:00+00:00,0.01061475,0.00387180
2013-02-06 00:00:00+00:00,-0.00439347,-0.00044837
2013-02-07 00:00:00+00:00,-0.00010445,-0.00652309
2013-02-08 00:00:00+00:00,0.00068766,-0.00046799
2013-02-11 00:00:00+00:00,0.00720008,-0.00346208
2013-02-12 00:00:00+00:00,-0.00600347,-0.00172377
2013-02-13 00:00:00+00:00,0.00697839,0.00045646
2013-02-14 00:00:00+00:00,-0.00081075,-0.00448295
2013-02-15 00:00:00+00:00,0.01093458,-0.00337094
2013-02-19 00:00:00+00:00,0.03185715,0.00355539
2013-02-20 00:00:00+00:00,0.01216536,-0.00727176
2013-02-21 00:00:00+00:00,0.00167270,-0.00421202
2013-02-22 00:00:00+00:00,0.00702569,0.00061222
2013-02-25 00:00:00+00:00,-0.01499668,0.00280995
2013-02-26 00:00:00+00:00,-0.00882045,0.00410317
2013-02-27 00:00:00+00:00,0.01866336,0.00268927
2013-02-28 00:00:00+00:00,0.01558851,-0.00028061
2013-03-01 00:00:00+00:00,0.00344283,-0.00180450
2013-03-04 00:00:00+00:00,0.01165859,0.00310799
2013-03-05 00:00:00+00:00,0.00244444,0.00460892
2013-03-06 00:00:00+00:00,-0.00363457,-0.00540160
2013-03-07 00:00:00+00:00,0.00742384,0.00534226
2013-03-08 00:00:00+00:00,0.00480188,0.00313261
2013-03-11 00:00:00+00:00,0.00394691,0.00271293
2013-03-12 00:00:00+00:00,-0.01631676,0.00230371
2013-03-13 00:00:00+00:00,0.00482289,-0.00123600
2013-03-14 00:00:00+00:00,0.00204782,0.00209041
2013-03-15 00:00:00+00:00,-0.00453789,-0.00138600
2013-03-18 00:00:00+00:00,0.00172020,-0.00259797
2013-03-19 00:00:00+00:00,0.00953522,0.00131799
2013-03-20 00:00:00+00:00,-0.00254105,0.00093895
2013-03-21 00:00:00+00:00,0.00161739,0.00064495
2013-03-22 00:00:00+00:00,-0.00099749,0.00088020
2013-03-25 00:00:00+00:00,-0.00729009,-0.00083571
2013-03-26 00:00:00+00:00,0.00706949,0.00491193
2013-03-27 00:00:00+00:00,0.00439221,0.00343495
2013-03-28 00:00:00+00:00,-0.00477001,-0.00864727
2013-04-01 00:00:00+00:00,0.00178977,-0.00921648
2013-04-02 00:00:00+00:00,0.00757452,-0.00256903
2013-04-03 00:00:00+00:00,0.00761526,-0.00872581
2013-04-04 00:00:00+00:00,0.00361022,-0.00014975
2013-04-05 00:00:00+00:00,-0.00008919,0.00446477
2013-04-08 00:00:00+00:00,0.00167942,0.00246190
2013-04-09 00:00:00+00:00,-0.01618275,0.00687549
2013-04-10 00:00:00+00:00,0.01235832,0.00181203
2013-04-11 00:00:00+00:00,0.00776718,0.00230456
2013-04-12 00:00:00+00:00,0.03045133,-0.00685357
2013-04-15 00:00:00+00:00,0.02610512,-0.02825628
2013-04-16 00:00:00+00:00,0.00647382,0.00945512
2013-04-17 00:00:00+00:00,0.01763951,-0.00759046
2013-04-18 00:00:00+00:00,-0.00680654,0.00163294
2013-04-19 00:00:00+00:00,0.01472083,0.00064926
2013-04-22 00:00:00+00:00,-0.00563796,0.00052077
2013-04-23 00:00:00+00:00,0.01736329,-0.00187712
2013-04-24 00:00:00+00:00,-0.02005610,0.00235430
2013-04-25 00:00:00+00:00,-0.03012682,0.01303616
2013-04-26 00:00:00+00:00,0.00433932,-0.00207740
2013-04-29 00:00:00+00:00,0.00653116,0.01604466
2013-04-30 00:00:00+00:00,0.00845947,-0.00185883
2013-05-01 00:00:00+00:00,0.02257647,-0.01189385
2013-05-02 00:00:00+00:00,-0.02086232,0.00488364
2013-05-03 00:00:00+00:00,-0.02658137,0.00881016
2013-05-06 00:00:00+00:00,-0.00032067,-0.00287793
2013-05-07 00:00:00+00:00,0.00557957,-0.00258265
2013-05-08 00:00:00+00:00,-0.00705652,0.00749996
2013-05-09 00:00:00+00:00,0.00311023,0.00123146
2013-05-10 00:00:00+00:00,0.00151720,-0.00527185
2013-05-13 00:00:00+00:00,-0.00015998,0.00467550
2013-05-14 00:00:00+00:00,0.02514043,-0.00176795
2013-05-15 00:00:00+00:00,0.02255809,-0.01428554
2013-05-16 00:00:00+00:00,-0.00710799,-0.00140694
2013-05-17 00:00:00+00:00,0.01695204,0.00455986
2013-05-20 00:00:00+00:00,-0.01032187,0.00428533
2013-05-21 00:00:00+00:00,0.00983536,0.00037264
2013-05-22 00:00:00+00:00,-0.00541484,-0.00059286
2013-05-23 00:00:00+00:00,0.00178375,0.00121424
2013-05-24 00:00:00+00:00,0.00097085,-0.00210139
2013-05-28 00:00:00+00:00,0.00550931,-0.00012950
2013-05-29 00:00:00+00:00,-0.00579707,-0.00285679
2013-05-30 00:00:00+00:00,-0.01511091,0.00034830
2013-05-31 00:00:00+00:00,-0.00154355,-0.00695558
2013-06-03 00:00:00+00:00,-0.00929602,0.00678755
2013-06-04 00:00:00+00:00,0.00084251,-0.00150339
2013-06-05 00:00:00+00:00,-0.01365901,-0.00173081
2013-06-06 00:00:00+00:00,-0.00124803,-0.00002296
2013-06-07 00:00:00+00:00,0.03414310,-0.00365165
2013-06-10 00:00:00+00:00,0.00064555,-0.00361381
2013-06-11 00:00:00+00:00,0.00190593,-0.00327613
2013-06-12 00:00:00+00:00,-0.00852630,-0.00063628
2013-06-13 00:00:00+00:00,0.01433522,0.00084850
2013-06-14 00:00:00+00:00,-0.01697706,0.00243264
2013-06-17 00:00:00+00:00,0.01879133,0.00475508
2013-06-18 00:00:00+00:00,0.01017156,0.00132830
2013-06-19 00:00:00+00:00,-0.00640886,-0.00165601
2013-06-20 00:00:00+00:00,0.02188712,-0.02899319
2013-06-21 00:00:00+00:00,0.00427681,-0.00347731
2013-06-24 00:00:00+00:00,-0.01097616,-0.00874459
2013-06-25 00:00:00+00:00,0.00665641,0.00152121
2013-06-26 00:00:00+00:00,0.02255534,-0.00145509
2013-06-27 00:00:00+00:00,0.00265295,0.00101757
2013-06-28 00:00:00+00:00,-0.01754160,0.00509504
2013-07-01 00:00:00+00:00,-0.00250063,0.00472391
2013-07-02 00:00:00+00:00,0.00599495,0.00326216
2013-07-03 00:00:00+00:00,0.00042904,0.00626075
2013-07-05 00:00:00+00:00,0.03492349,-0.00853137
2013-07-08 00:00:00+00:00,-0.00128287,0.00985089
2013-07-09 00:00:00+00:00,-0.00164530,0.00169800
2013-07-10 00:00:00+00:00,0.00441888,0.00340016
2013-07-11 00:00:00+00:00,-0.01182796,0.01096247
2013-07-12 00:00:00+00:00,0.00768346,-0.00347514
2013-07-15 00:00:00+00:00,0.00034819,-0.02069382
2013-07-16 00:00:00+00:00,-0.00642069,0.00387073
2013-07-17 00:00:00+00:00,0.00529115,-0.00437052
2013-07-18 00:00:00+00:00,0.01750848,0.00430455
2013-07-19 00:00:00+00:00,-0.00436010,0.00324597
2013-07-22 00:00:00+00:00,-0.02525846,0.00577863
2013-07-23 00:00:00+00:00,0.00787372,-0.00561486
2013-07-24 00:00:00+00:00,-0.00012457,-0.01093718
2013-07-25 00:00:00+00:00,-0.00459218,-0.00391660
2013-07-26 00:00:00+00:00,-0.00489873,-0.00564662
2013-07-29 00:00:00+00:00,-0.00479578,-0.00192155
2013-07-30 00:00:00+00:00,-0.00295175,-0.00374176
2013-07-31 00:00:00+00:00,0.00728104,0.00432952
2013-08-01 00:00:00+00:00,0.02085188,-0.00078667
2013-08-02 00:00:00+00:00,-0.01151022,-0.00169465
2013-08-05 00:00:00+00:00,-0.00012806,-0.00303087
2013-08-06 00:00:00+00:00,-0.00110135,-0.00377302
2013-08-07 00:00:00+00:00,-0.01232937,-0.00227700
2013-08-08 00:00:00+00:00,-0.01039055,0.01024045
2013-08-09 00:00:00+00:00,0.00098353,-0.00171117
2013-08-12 00:00:00+00:00,-0.02790574,0.01056111
2013-08-13 00:00:00+00:00,0.01548706,-0.00515835
2013-08-14 00:00:00+00:00,-0.02159726,0.00508393
2013-08-15 00:00:00+00:00,-0.05062384,0.00168840
2013-08-16 00:00:00+00:00,-0.00664313,-0.00157434
2013-08-19 00:00:00+00:00,-0.01017992,0.00527692
2013-08-20 00:00:00+00:00,0.00417351,-0.00218111
2013-08-21 00:00:00+00:00,-0.00931888,-0.00137792
2013-08-22 00:00:00+00:00,0.01372370,0.00294416
2013-08-23 00:00:00+00:00,-0.01710168,0.00995165
2013-08-26 00:00:00+00:00,-0.01567225,0.00662791
2013-08-27 00:00:00+00:00,-0.01652394,-0.00092914
2013-08-28 00:00:00+00:00,-0.00395864,0.00354538
2013-08-29 00:00:00+00:00,0.01293000,-0.00226447
2013-08-30 00:00:00+00:00,0.01104025,-0.00648625
2013-09-03 00:00:00+00:00,-0.01548073,0.00842721
2013-09-04 00:00:00+00:00,0.03165671,-0.00754455
2013-09-05 00:00:00+00:00,0.00941423,-0.00358683
2013-09-06 00:00:00+00:00,-0.01412782,0.00569374
2013-09-09 00:00:00+00:00,0.01901439,-0.00014630
2013-09-10 00:00:00+00:00,0.02568531,-0.00529768
2013-09-11 00:00:00+00:00,-0.00343736,0.00277664
2013-09-12 00:00:00+00:00,0.03060665,-0.00229456
2013-09-13 00:00:00+00:00,0.03025774,-0.00379893
2013-09-16 00:00:00+00:00,-0.00939708,-0.00265029
2013-09-17 00:00:00+00:00,0.00654529,-0.00124631
2013-09-18 00:00:00+00:00,0.01419694,0.00714028
2013-09-19 00:00:00+00:00,-0.05193223,0.00984599
2013-09-20 00:00:00+00:00,0.02889666,-0.01277684
2013-09-23 00:00:00+00:00,-0.01590025,-0.00736890
2013-09-24 00:00:00+00:00,0.00256196,-0.00479837
2013-09-25 00:00:00+00:00,-0.01764345,0.00350040
2013-09-26 00:00:00+00:00,0.00641631,0.00105463
2013-09-27 00:00:00+00:00,0.00002476,0.00250591
2013-09-30 00:00:00+00:00,0.00570062,-0.00823053
2013-10-01 00:00:00+00:00,0.02901333,-0.00478036
2013-10-02 00:00:00+00:00,-0.02202490,0.00557624
2013-10-03 00:00:00+00:00,-0.00615785,-0.00408972
2013-10-04 00:00:00+00:00,0.00733588,0.00312394
2013-10-07 00:00:00+00:00,-0.01816319,0.00432127
2013-10-08 00:00:00+00:00,0.00422103,-0.00241686
2013-10-09 00:00:00+00:00,0.00453768,-0.00680498
2013-10-10 00:00:00+00:00,0.02545324,0.00526285
2013-10-11 00:00:00+00:00,0.02606474,-0.00277060
2013-10-14 00:00:00+00:00,-0.00176655,0.00438553
2013-10-15 00:00:00+00:00,-0.00684907,-0.00283967
2013-10-16 00:00:00+00:00,0.00741699,0.00444688
2013-10-17 00:00:00+00:00,-0.02103925,0.00759674
2013-10-18 00:00:00+00:00,0.01060044,0.00080906
2013-10-21 00:00:00+00:00,-0.00840724,-0.00068561
2013-10-22 00:00:00+00:00,-0.01318822,0.00249925
2013-10-23 00:00:00+00:00,-0.00344356,-0.00176002
2013-10-24 00:00:00+00:00,-0.00101345,0.00253526
2013-10-25 00:00:00+00:00,0.00515622,0.00212255
2013-10-28 00:00:00+00:00,0.01117500,-0.00556483
2013-10-29 00:00:00+00:00,0.00287523,-0.00040495
2013-10-30 00:00:00+00:00,-0.01082145,0.00398762
2013-10-31 00:00:00+00:00,0.01836347,-0.00921124
2013-11-01 00:00:00+00:00,0.00085491,-0.00528993
2013-11-04 00:00:00+00:00,0.00473557,-0.00215314
2013-11-05 00:00:00+00:00,-0.00045554,-0.00281655
2013-11-06 00:00:00+00:00,0.00241849,0.00347091
2013-11-07 00:00:00+00:00,-0.00717992,-0.00198004
2013-11-08 00:00:00+00:00,0.01994416,0.00198983
2013-11-11 00:00:00+00:00,-0.00317357,0.00211477
2013-11-12 00:00:00+00:00,0.01262975,-0.00376951
2013-11-13 00:00:00+00:00,0.01486073,-0.00144212
2013-11-14 00:00:00+00:00,-0.00485097,0.00378539
2013-11-15 00:00:00+00:00,0.00547254,-0.00069060
2013-11-18 00:00:00+00:00,0.01302616,-0.00598610
2013-11-19 00:00:00+00:00,-0.00507629,-0.00141958
2013-11-20 00:00:00+00:00,0.00692512,-0.00151223
2013-11-21 00:00:00+00:00,0.00967203,0.00651289
2013-11-22 00:00:00+00:00,0.00460475,0.00468493
2013-11-25 00:00:00+00:00,0.00145099,0.00150977
2013-11-26 00:00:00+00:00,0.00807972,-0.00069866
2013-11-27 00:00:00+00:00,0.00791441,-0.00198023
2013-11-29 00:00:00+00:00,-0.00724431,0.00526942
2013-12-02 00:00:00+00:00,0.01798077,-0.00562381
2013-12-03 00:00:00+00:00,-0.00416329,0.00064477
2013-12-04 00:00:00+00:00,-0.02325111,0.00736555
2013-12-05 00:00:00+00:00,0.00768894,-0.00034460
2013-12-06 00:00:00+00:00,0.01163330,0.00198077
2013-12-09 00:00:00+00:00,-0.00485139,0.00634713
2013-12-10 00:00:00+00:00,-0.02086575,0.00519670
2013-12-11 00:00:00+00:00,-0.01268249,-0.00078825
2013-12-12 00:00:00+00:00,0.02214691,-0.00710904
2013-12-13 00:00:00+00:00,-0.00128338,-0.00096481
2013-12-16 00:00:00+00:00,-0.00599784,0.00493149
2013-12-17 00:00:00+00:00,0.00447173,-0.00264357
2013-12-18 00:00:00+00:00,0.01277983,0.00255414
2013-12-19 00:00:00+00:00,0.02295288,-0.00175902
2013-12-20 00:00:00+00:00,-0.00801634,0.00370768
2013-12-23 00:00:00+00:00,0.01102181,0.00089187
2013-12-24 00:00:00+00:00,-0.00083802,0.00189112
2013-12-26 00:00:00+00:00,-0.00004141,0.00222365
2013-12-27 00:00:00+00:00,-0.00437985,0.00181951
2013-12-30 00:00:00+00:00,0.01316649,-0.00448289
2013-12-31 00:00:00+00:00,0.00880621,-0.00538622
2014-01-02 00:00:00+00:00,-0.02627925,-0.00010872
2014-01-03 00:00:00+00:00,-0.01025849,-0.00089413
2014-01-06 00:00:00+00:00,-0.00380030,0.00040811
2014-01-07 00:00:00+00:00,0.01514265,0.00007406
2014-01-08 00:00:00+00:00,0.01116612,-0.00651552
2014-01-09 00:00:00+00:00,-0.00237895,-0.00556197
2014-01-10 00:00:00+00:00,-0.02209147,0.01234161
2014-01-13 00:00:00+00:00,-0.00778337,0.00389836
2014-01-14 00:00:00+00:00,0.02053048,0.00341488
2014-01-15 00:00:00+00:00,0.01122750,-0.00116551
2014-01-16 00:00:00+00:00,-0.00046102,0.00047717
2014-01-17 00:00:00+00:00,-0.00935432,0.00039912
2014-01-21 00:00:00+00:00,0.01658135,-0.00095644
2014-01-22 00:00:00+00:00,0.01076536,0.00491824
2014-01-23 00:00:00+00:00,-0.01562074,0.00238777
2014-01-24 00:00:00+00:00,-0.00217491,0.00157240
2014-01-27 00:00:00+00:00,-0.01614389,-0.00685714
2014-01-28 00:00:00+00:00,0.01758787,0.00350259
2014-01-29 00:00:00+00:00,0.01107325,0.00461561
2014-01-30 00:00:00+00:00,-0.00381965,-0.00719157
2014-01-31 00:00:00+00:00,-0.00127910,-0.00162496
2014-02-03 00:00:00+00:00,-0.03474280,-0.00262750
2014-02-04 00:00:00+00:00,0.02019582,0.01070055
2014-02-05 00:00:00+00:00,-0.01932299,-0.00314961
2014-02-06 00:00:00+00:00,0.00758727,0.00283174
2014-02-07 00:00:00+00:00,0.00722158,0.00458124
2014-02-10 00:00:00+00:00,-0.00750818,-0.00246977
2014-02-11 00:00:00+00:00,0.00728436,0.00843692
2014-02-12 00:00:00+00:00,-0.00059622,0.00126076
2014-02-13 00:00:00+00:00,0.01322332,0.00980121
2014-02-14 00:00:00+00:00,-0.01908621,0.00697341
2014-02-18 00:00:00+00:00,-0.00035063,0.01208090
2014-02-19 00:00:00+00:00,0.00660962,0.00697268
2014-02-20 00:00:00+00:00,0.00248397,-0.00041993
2014-02-21 00:00:00+00:00,0.00013361,0.00134151
2014-02-24 00:00:00+00:00,-0.01166360,-0.00502854
2014-02-25 00:00:00+00:00,-0.01252315,-0.00364133
2014-02-26 00:00:00+00:00,-0.00392230,-0.00508383
2014-02-27 00:00:00+00:00,0.00797252,-0.00798752
2014-02-28 00:00:00+00:00,-0.00004068,0.00359372
2014-03-03 00:00:00+00:00,-0.02632695,0.00148223
2014-03-04 00:00:00+00:00,0.01464648,0.00589061
2014-03-05 00:00:00+00:00,-0.00254321,-0.00365017
2014-03-06 00:00:00+00:00,-0.01060667,0.00704271
2014-03-07 00:00:00+00:00,0.01215449,-0.00649158
2014-03-10 00:00:00+00:00,0.00672405,-0.00499236
2014-03-11 00:00:00+00:00,-0.01109753,-0.00401288
2014-03-12 00:00:00+00:00,-0.01862215,0.00029370
2014-03-13 00:00:00+00:00,-0.01286927,-0.00440896
2014-03-14 00:00:00+00:00,0.00143706,-0.00062923
2014-03-17 00:00:00+00:00,0.00846527,0.00362556
2014-03-18 00:00:00+00:00,0.00950641,0.00205902
2014-03-19 00:00:00+00:00,-0.00022156,-0.00119843
2014-03-20 00:00:00+00:00,0.01784385,-0.00598193
2014-03-21 00:00:00+00:00,0.00236653,-0.00186338
2014-03-24 00:00:00+00:00,-0.01998911,-0.00507916
2014-03-25 00:00:00+00:00,0.01079833,0.00401156
2014-03-26 00:00:00+00:00,-0.00427191,-0.00279618
2014-03-27 00:00:00+00:00,-0.00449651,0.00555725
2014-03-28 00:00:00+00:00,0.00414304,-0.00100642
2014-03-31 00:00:00+00:00,-0.00071071,0.00151499
2014-04-01 00:00:00+00:00,0.00592528,-0.00002350
2014-04-02 00:00:00+00:00,0.00973842,-0.00080532
2014-04-03 00:00:00+00:00,-0.00227399,0.00258601
2014-04-04 00:00:00+00:00,-0.02634554,-0.00050398
2014-04-07 00:00:00+00:00,-0.00555675,-0.00279308
2014-04-08 00:00:00+00:00,-0.00414260,0.00753094
2014-04-09 00:00:00+00:00,0.02171933,0.00318969
2014-04-10 00:00:00+00:00,-0.02884672,-0.00168306
2014-04-11 00:00:00+00:00,-0.00173470,-0.00420287
2014-04-14 00:00:00+00:00,-0.00045550,0.00268263
2014-04-15 00:00:00+00:00,0.01859313,-0.00179106
2014-04-16 00:00:00+00:00,0.00543242,0.00211763
2014-04-17 00:00:00+00:00,0.00946998,0.00281573
2014-04-21 00:00:00+00:00,0.01026941,-0.00183744
2014-04-22 00:00:00+00:00,-0.00062972,-0.00044388
2014-04-23 00:00:00+00:00,-0.01109465,0.00012130
2014-04-24 00:00:00+00:00,-0.00055981,0.00339095
2014-04-25 00:00:00+00:00,-0.01850844,-0.00117563
2014-04-28 00:00:00+00:00,0.00419414,0.00306161
2014-04-29 00:00:00+00:00,0.00110294,0.00224515
2014-04-30 00:00:00+00:00,0.00410907,-0.00245365
2014-05-01 00:00:00+00:00,0.01319503,-0.00671791
2014-05-02 00:00:00+00:00,-0.00661276,0.00275686
2014-05-05 00:00:00+00:00,-0.00838105,0.00119810
2014-05-06 00:00:00+00:00,-0.01362413,0.00178778
2014-05-07 00:00:00+00:00,0.01640520,-0.00308496
2014-05-08 00:00:00+00:00,-0.00114064,-0.00110890
2014-05-09 00:00:00+00:00,0.00638837,-0.00032249
2014-05-12 00:00:00+00:00,0.00836587,0.00281899
2014-05-13 00:00:00+00:00,-0.00490824,0.00172647
2014-05-14 00:00:00+00:00,-0.00462844,0.00137138
2014-05-15 00:00:00+00:00,0.00860487,-0.00559093
2014-05-16 00:00:00+00:00,0.00542796,-0.00086826
2014-05-19 00:00:00+00:00,0.01052253,0.00285847
2014-05-20 00:00:00+00:00,-0.00207576,-0.00163409
2014-05-21 00:00:00+00:00,0.00900511,0.00243290
2014-05-22 00:00:00+00:00,-0.00590406,0.00087111
2014-05-23 00:00:00+00:00,0.00734934,0.00294161
2014-05-27 00:00:00+00:00,0.02925584,-0.00164173
2014-05-28 00:00:00+00:00,0.00010048,0.00273116
2014-05-29 00:00:00+00:00,0.00890027,-0.00161538
2014-05-30 00:00:00+00:00,0.01116329,-0.00420188
2014-06-02 00:00:00+00:00,0.00086417,0.00124779
2014-06-03 00:00:00+00:00,0.00536618,-0.00332246
2014-06-04 00:00:00+00:00,0.00407098,-0.00115547
2014-06-05 00:00:00+00:00,0.00590481,0.00232717
2014-06-06 00:00:00+00:00,-0.00048719,0.00166817
2014-06-09 00:00:00+00:00,0.00250312,-0.00118376
2014-06-10 00:00:00+00:00,0.00008715,-0.00213072
2014-06-11 00:00:00+00:00,0.00055640,-0.00291311
2014-06-12 00:00:00+00:00,-0.00678737,0.00428612
2014-06-13 00:00:00+00:00,-0.00913822,0.00383368
2014-06-16 00:00:00+00:00,0.00262173,-0.00082450
2014-06-17 00:00:00+00:00,0.00398999,-0.00251395
2014-06-18 00:00:00+00:00,0.00237180,0.00237977
2014-06-19 00:00:00+00:00,-0.03386106,0.00782710
2014-06-20 00:00:00+00:00,-0.00451541,0.00187175
2014-06-23 00:00:00+00:00,-0.00172419,-0.00386652
2014-06-24 00:00:00+00:00,-0.00033762,0.00061616
2014-06-25 00:00:00+00:00,0.00507198,0.00208971
2014-06-26 00:00:00+00:00,-0.00266328,-0.00129651
2014-06-27 00:00:00+00:00,-0.00036269,0.00051065
2014-06-30 00:00:00+00:00,0.01509646,-0.00311086
2014-07-01 00:00:00+00:00,0.00660079,0.00095264
2014-07-02 00:00:00+00:00,-0.00202200,-0.00191056
2014-07-03 00:00:00+00:00,0.01277746,0.00001718
2014-07-07 00:00:00+00:00,0.00135835,-0.00752940
2014-07-08 00:00:00+00:00,-0.00642393,-0.00345487
2014-07-09 00:00:00+00:00,0.00305589,-0.00009430
2014-07-10 00:00:00+00:00,-0.01266621,0.00090652
2014-07-11 00:00:00+00:00,0.00599560,-0.00235734
2014-07-14 00:00:00+00:00,0.01106866,-0.00531398
2014-07-15 00:00:00+00:00,0.04072430,-0.01258642
2014-07-16 00:00:00+00:00,-0.00674372,0.00247205
2014-07-17 00:00:00+00:00,-0.01966579,-0.00095820
2014-07-18 00:00:00+00:00,0.01624624,-0.00176075
2014-07-21 00:00:00+00:00,-0.00393036,-0.00179997
2014-07-22 00:00:00+00:00,0.00420924,-0.00039758
2014-07-23 00:00:00+00:00,0.00228139,0.00107801
2014-07-24 00:00:00+00:00,0.00510626,-0.00185034
2014-07-25 00:00:00+00:00,-0.00825341,-0.00025893
2014-07-28 00:00:00+00:00,-0.00855021,0.00126874
2014-07-29 00:00:00+00:00,0.00861215,-0.00221263
2014-07-30 00:00:00+00:00,0.00556327,-0.00207981
2014-07-31 00:00:00+00:00,-0.00599345,-0.00773324
2014-08-01 00:00:00+00:00,0.00336261,-0.00230994
2014-08-04 00:00:00+00:00,-0.00447032,0.00491014
2014-08-05 00:00:00+00:00,0.00236219,-0.00337389
2014-08-06 00:00:00+00:00,-0.00648870,0.00277533
2014-08-07 00:00:00+00:00,-0.00708304,-0.00046753
2014-08-08 00:00:00+00:00,0.00547921,0.00380727
2014-08-11 00:00:00+00:00,-0.00761319,0.00439222
2014-08-12 00:00:00+00:00,0.00110287,-0.00225169
2014-08-13 00:00:00+00:00,0.00303385,-0.00257788
2014-08-14 00:00:00+00:00,0.01262251,-0.00069599
2014-08-15 00:00:00+00:00,-0.00725461,-0.00885469
2014-08-18 00:00:00+00:00,0.01314201,0.00078819
2014-08-19 00:00:00+00:00,0.01740373,0.00031647
2014-08-20 00:00:00+00:00,-0.00564403,0.00224473
2014-08-21 00:00:00+00:00,0.01264609,0.00079456
2014-08-22 00:00:00+00:00,-0.00237537,0.00242215
2014-08-25 00:00:00+00:00,0.01196975,-0.00115823
2014-08-26 00:00:00+00:00,0.00124239,-0.00412021
2014-08-27 00:00:00+00:00,0.00056980,0.00193362
2014-08-28 00:00:00+00:00,-0.00741229,0.00277206
2014-08-29 00:00:00+00:00,0.00100676,0.00190694
2014-09-02 00:00:00+00:00,0.01643372,-0.00984726
2014-09-03 00:00:00+00:00,-0.00456017,-0.00324427
2014-09-04 00:00:00+00:00,0.00859151,-0.00430830
2014-09-05 00:00:00+00:00,-0.00122589,0.00393017
2014-09-08 00:00:00+00:00,0.01356224,-0.00197329
2014-09-09 00:00:00+00:00,0.00083174,-0.00286029
2014-09-10 00:00:00+00:00,0.00552862,-0.00120065
2014-09-11 00:00:00+00:00,0.01121244,-0.00555012
2014-09-12 00:00:00+00:00,-0.01780278,0.00134770
2014-09-15 00:00:00+00:00,0.01889432,-0.00467134
2014-09-16 00:00:00+00:00,0.00835930,0.00660019
2014-09-17 00:00:00+00:00,0.00303381,-0.00076148
2014-09-18 00:00:00+00:00,0.01232932,-0.00629380
2014-09-19 00:00:00+00:00,0.02577951,-0.00659527
2014-09-22 00:00:00+00:00,-0.00506464,-0.00810719
2014-09-23 00:00:00+00:00,-0.00133771,-0.00279217
2014-09-24 00:00:00+00:00,0.01055843,0.00632307
2014-09-25 00:00:00+00:00,0.00167513,-0.00470106
2014-09-26 00:00:00+00:00,0.01389746,0.00004366
2014-09-29 00:00:00+00:00,-0.00566673,0.00689096
2014-09-30 00:00:00+00:00,0.01875412,-0.00964387
2014-10-01 00:00:00+00:00,-0.02190028,-0.00191413
2014-10-02 00:00:00+00:00,-0.00292373,-0.00315992
2014-10-03 00:00:00+00:00,0.02144890,0.00007273
2014-10-06 00:00:00+00:00,-0.03490878,0.00624984
2014-10-07 00:00:00+00:00,-0.01682937,0.00009026
2014-10-08 00:00:00+00:00,0.01453958,-0.00078867
2014-10-09 00:00:00+00:00,-0.02697995,-0.00089398
2014-10-10 00:00:00+00:00,0.00028297,-0.00823871
2014-10-13 00:00:00+00:00,-0.03320083,0.00439008
2014-10-14 00:00:00+00:00,-0.01406978,0.00168877
2014-10-15 00:00:00+00:00,-0.00454741,-0.00596402
2014-10-16 00:00:00+00:00,-0.00755598,0.00092947
2014-10-17 00:00:00+00:00,0.02504576,0.00109418
2014-10-20 00:00:00+00:00,0.01246176,-0.00040662
2014-10-21 00:00:00+00:00,0.00218806,0.01054199
2014-10-22 00:00:00+00:00,0.00420155,-0.00749303
2014-10-23 00:00:00+00:00,-0.00038417,0.00609273
2014-10-24 00:00:00+00:00,0.01754670,-0.00175547
2014-10-27 00:00:00+00:00,-0.01655296,0.00395331
2014-10-28 00:00:00+00:00,0.01010255,0.00592085
2014-10-29 00:00:00+00:00,-0.02168085,0.00596567
2014-10-30 00:00:00+00:00,0.03113877,-0.00466626
2014-10-31 00:00:00+00:00,0.01274515,0.00152967
2014-11-03 00:00:00+00:00,0.00437842,0.00045480
2014-11-04 00:00:00+00:00,0.01753585,-0.00595411
2014-11-05 00:00:00+00:00,0.00977801,0.00141675
2014-11-06 00:00:00+00:00,0.00149914,0.00477164
2014-11-07 00:00:00+00:00,-0.00751549,0.00541258
2014-11-10 00:00:00+00:00,0.00631274,-0.00569675
2014-11-11 00:00:00+00:00,-0.00971409,0.00493531
2014-11-12 00:00:00+00:00,0.00825300,-0.00251211
2014-11-13 00:00:00+00:00,0.00657672,-0.00522214
2014-11-14 00:00:00+00:00,-0.01517416,0.00685543
2014-11-17 00:00:00+00:00,0.01016737,0.00548607
2014-11-18 00:00:00+00:00,0.00867422,-0.00363940
2014-11-19 00:00:00+00:00,0.00752513,-0.00097422
2014-11-20 00:00:00+00:00,-0.00124145,0.00684126
2014-11-21 00:00:00+00:00,-0.01442831,0.00023192
2014-11-24 00:00:00+00:00,0.00301461,-0.00388760
2014-11-25 00:00:00+00:00,0.01099208,0.00336997
2014-11-26 00:00:00+00:00,0.00495391,0.00339561
2014-11-28 00:00:00+00:00,0.06156055,-0.02348426
2014-12-01 00:00:00+00:00,-0.05734881,0.01012894
2014-12-02 00:00:00+00:00,0.02174399,-0.01055282
2014-12-03 00:00:00+00:00,-0.00333574,-0.00007689
2014-12-04 00:00:00+00:00,-0.00990312,0.00090649
2014-12-05 00:00:00+00:00,0.01535229,0.00192605
2014-12-08 00:00:00+00:00,-0.00141350,-0.00856897
2014-12-09 00:00:00+00:00,-0.02352747,0.01159645
2014-12-10 00:00:00+00:00,0.00488510,-0.00691764
2014-12-11 00:00:00+00:00,0.00673809,-0.00003785
2014-12-12 00:00:00+00:00,-0.00328987,-0.00031819
2014-12-15 00:00:00+00:00,0.01998131,-0.00806226
2014-12-16 00:00:00+00:00,0.01111793,-0.01077982
2014-12-17 00:00:00+00:00,0.01041831,0.00747517
2014-12-18 00:00:00+00:00,0.03763411,0.00115449
2014-12-19 00:00:00+00:00,-0.01556584,0.00045225
2014-12-22 00:00:00+00:00,0.01779048,-0.00983432
2014-12-23 00:00:00+00:00,-0.01220807,0.00272148
2014-12-24 00:00:00+00:00,0.01240237,-0.00807181
2014-12-26 00:00:00+00:00,-0.00500234,0.00411992
2014-12-29 00:00:00+00:00,0.01691752,0.00037023
2014-12-30 00:00:00+00:00,-0.01820939,0.00078152
2014-12-31 00:00:00+00:00,0.01460071,-0.01677179
2015-01-02 00:00:00+00:00,0.00144930,0.00135734
2015-01-05 00:00:00+00:00,-0.00662112,-0.00418367
2015-01-06 00:00:00+00:00,0.00086075,-0.00121872
2015-01-07 00:00:00+00:00,-0.01166568,0.00389318
2015-01-08 00:00:00+00:00,0.01923209,0.00421330
2015-01-09 00:00:00+00:00,-0.00753924,0.00024165
2015-01-12 00:00:00+00:00,0.04349872,-0.01023696
2015-01-13 00:00:00+00:00,-0.00908170,0.00006881
2015-01-14 00:00:00+00:00,-0.04520796,0.00557944
2015-01-15 00:00:00+00:00,0.02083351,-0.00264942
2015-01-16 00:00:00+00:00,-0.01359968,0.01144328
2015-01-20 00:00:00+00:00,0.05072531,-0.00918091
2015-01-21 00:00:00+00:00,-0.02594866,0.00684486
2015-01-22 00:00:00+00:00,0.03373216,-0.00422575
2015-01-23 00:00:00+00:00,-0.00430871,0.00140768
2015-01-26 00:00:00+00:00,0.01004496,-0.00265158
2015-01-27 00:00:00+00:00,-0.02372677,-0.00220963
2015-01-28 00:00:00+00:00,0.02359519,-0.00996229
2015-01-29 00:00:00+00:00,0.01882049,-0.01030592
2015-01-30 00:00:00+00:00,-0.03023215,0.00768570
2015-02-02 00:00:00+00:00,-0.00378928,0.00362197
2015-02-03 00:00:00+00:00,-0.04411617,0.01643870
2015-02-04 00:00:00+00:00,0.04568826,-0.01060244
2015-02-05 00:00:00+00:00,-0.00890062,0.00382047
2015-02-06 00:00:00+00:00,-0.00960877,-0.00355628
2015-02-09 00:00:00+00:00,-0.01467998,0.00284736
2015-02-10 00:00:00+00:00,0.01930176,-0.00304583
2015-02-11 00:00:00+00:00,-0.00639708,0.00147488
2015-02-12 00:00:00+00:00,-0.00522355,0.00337125
2015-02-13 00:00:00+00:00,-0.02131364,0.00964728
2015-02-17 00:00:00+00:00,-0.01306415,-0.00166853
2015-02-18 00:00:00+00:00,0.00898162,-0.00003619
2015-02-19 00:00:00+00:00,0.00060403,-0.00313967
2015-02-20 00:00:00+00:00,-0.00045596,-0.00001318
2015-02-23 00:00:00+00:00,0.01672262,-0.00272972
2015-02-24 00:00:00+00:00,-0.00415504,0.00517057
2015-02-25 00:00:00+00:00,-0.00562454,0.00168104
2015-02-26 00:00:00+00:00,0.02965189,-0.00507063
2015-02-27 00:00:00+00:00,-0.01807124,0.00429695
2015-03-02 00:00:00+00:00,0.01184470,-0.00455119
2015-03-03 00:00:00+00:00,-0.01072899,-0.00127725
2015-03-04 00:00:00+00:00,-0.00467200,0.00013063
2015-03-05 00:00:00+00:00,0.00319350,0.00051020
2015-03-06 00:00:00+00:00,-0.00581678,-0.01243127
2015-03-09 00:00:00+00:00,0.01263176,0.00112195
2015-03-10 00:00:00+00:00,0.00339840,-0.00760198
2015-03-11 00:00:00+00:00,-0.01202366,0.00078281
2015-03-12 00:00:00+00:00,0.02123412,0.00013024
2015-03-13 00:00:00+00:00,0.01598517,-0.00836870
2015-03-16 00:00:00+00:00,0.01871420,0.00275470
2015-03-17 00:00:00+00:00,-0.00287366,-0.00061848
2015-03-18 00:00:00+00:00,-0.00665485,0.00855547
2015-03-19 00:00:00+00:00,0.01141935,0.00084110
2015-03-20 00:00:00+00:00,-0.00959715,0.01531384
2015-03-23 00:00:00+00:00,-0.01424986,0.01145743
2015-03-24 00:00:00+00:00,-0.00760467,0.00292164
2015-03-25 00:00:00+00:00,-0.02167280,-0.00359698
2015-03-26 00:00:00+00:00,-0.00903345,0.00043002
2015-03-27 00:00:00+00:00,0.02732631,-0.00682436
2015-03-30 00:00:00+00:00,0.00766728,0.00184589
2015-03-31 00:00:00+00:00,-0.00452955,-0.00796514
2015-04-01 00:00:00+00:00,-0.02400349,0.00940814
2015-04-02 00:00:00+00:00,-0.00086561,0.00137203
2015-04-06 00:00:00+00:00,-0.00092475,0.00455617
2015-04-07 00:00:00+00:00,-0.01105850,0.00322078
2015-04-08 00:00:00+00:00,0.02920822,-0.00744701
2015-04-09 00:00:00+00:00,0.01949899,-0.00472332
2015-04-10 00:00:00+00:00,0.00219127,-0.00092946
2015-04-13 00:00:00+00:00,-0.00361985,-0.00248979
2015-04-14 00:00:00+00:00,-0.01277551,0.00431235
2015-04-15 00:00:00+00:00,-0.02085246,0.00964908
2015-04-16 00:00:00+00:00,-0.00853315,0.00393829
2015-04-17 00:00:00+00:00,-0.00038906,-0.00410006
2015-04-20 00:00:00+00:00,0.00508292,-0.00223382
2015-04-21 00:00:00+00:00,0.00348669,-0.00332489
2015-04-22 00:00:00+00:00,-0.00449035,-0.00077314
2015-04-23 00:00:00+00:00,0.00034727,0.00308515
2015-04-24 00:00:00+00:00,0.01252602,-0.00077520
2015-04-27 00:00:00+00:00,0.00144698,0.00191449
2015-04-28 00:00:00+00:00,-0.00703860,0.00162207
2015-04-29 00:00:00+00:00,-0.02822915,0.00502973
2015-04-30 00:00:00+00:00,-0.02081272,-0.00020776
2015-05-01 00:00:00+00:00,0.01037684,0.00046739
2015-05-04 00:00:00+00:00,-0.01026786,0.00427314
2015-05-05 00:00:00+00:00,-0.01947962,0.00027905
2015-05-06 00:00:00+00:00,-0.00783062,-0.00175579
2015-05-07 00:00:00+00:00,0.02332194,-0.00545632
2015-05-08 00:00:00+00:00,-0.00708616,0.00977678
2015-05-11 00:00:00+00:00,-0.00142178,-0.00722691
2015-05-12 00:00:00+00:00,-0.00550056,0.00556170
2015-05-13 00:00:00+00:00,-0.00824740,0.00549197
2015-05-14 00:00:00+00:00,0.01435171,0.00611496
2015-05-15 00:00:00+00:00,0.01074547,0.00262241
2015-05-18 00:00:00+00:00,-0.00043232,-0.00044223
2015-05-19 00:00:00+00:00,0.01570489,-0.01295946
2015-05-20 00:00:00+00:00,-0.00184330,0.00066979
2015-05-21 00:00:00+00:00,-0.00145984,0.00619945
2015-05-22 00:00:00+00:00,0.01493775,-0.00754106
2015-05-26 00:00:00+00:00,0.00908358,-0.00749139
2015-05-27 00:00:00+00:00,0.00801649,-0.00097113
2015-05-28 00:00:00+00:00,0.00773436,-0.00236103
2015-05-29 00:00:00+00:00,-0.01388380,0.00026417
2015-06-01 00:00:00+00:00,0.00225718,-0.00254027
2015-06-02 00:00:00+00:00,-0.02161887,0.00453268
2015-06-03 00:00:00+00:00,0.01395615,-0.00657942
2015-06-04 00:00:00+00:00,-0.00261397,-0.00443874
2015-06-05 00:00:00+00:00,-0.00152830,-0.00419655
2015-06-08 00:00:00+00:00,-0.01519950,0.00249421
2015-06-09 00:00:00+00:00,-0.02411996,0.00752086
2015-06-10 00:00:00+00:00,0.00045412,0.00459518
2015-06-11 00:00:00+00:00,0.01775732,-0.00403388
2015-06-12 00:00:00+00:00,0.00240132,-0.00614705
2015-06-15 00:00:00+00:00,-0.00990471,0.00182735
2015-06-16 00:00:00+00:00,-0.00872847,0.00443383
2015-06-17 00:00:00+00:00,-0.00484767,0.00078684
2015-06-18 00:00:00+00:00,0.00653326,0.00310296
2015-06-19 00:00:00+00:00,0.00669108,-0.00127553
2015-06-22 00:00:00+00:00,-0.01316057,-0.00368004
2015-06-23 00:00:00+00:00,-0.00314748,0.00156327
2015-06-24 00:00:00+00:00,0.00039019,-0.00099938
2015-06-25 00:00:00+00:00,-0.01779485,0.00435398
2015-06-26 00:00:00+00:00,-0.00095889,-0.00246008
2015-06-29 00:00:00+00:00,-0.00836404,-0.00334777
2015-06-30 00:00:00+00:00,-0.03636298,0.01143349
2015-07-01 00:00:00+00:00,0.02112349,-0.00563477
2015-07-02 00:00:00+00:00,-0.00262789,0.00231390
2015-07-06 00:00:00+00:00,0.03093085,-0.00792466
2015-07-07 00:00:00+00:00,0.02619859,-0.01059257
2015-07-08 00:00:00+00:00,-0.00893756,-0.00110220
2015-07-09 00:00:00+00:00,-0.03076199,0.00665197
2015-07-10 00:00:00+00:00,0.00007421,0.00390604
2015-07-13 00:00:00+00:00,0.00563277,0.00626988
2015-07-14 00:00:00+00:00,0.00001189,-0.00113429
2015-07-15 00:00:00+00:00,0.01678534,-0.00087490
2015-07-16 00:00:00+00:00,0.01766921,-0.00166221
2015-07-17 00:00:00+00:00,0.00388964,-0.00289494
2015-07-20 00:00:00+00:00,0.00264602,-0.00835269
2015-07-21 00:00:00+00:00,-0.00581676,0.00243093
2015-07-22 00:00:00+00:00,-0.00059413,-0.00512296
2015-07-23 00:00:00+00:00,0.01728189,-0.00558056
2015-07-24 00:00:00+00:00,-0.00004036,-0.00907365
2015-07-27 00:00:00+00:00,-0.01627302,-0.00755373
2015-07-28 00:00:00+00:00,-0.00348844,0.00701832
2015-07-29 00:00:00+00:00,-0.01891862,0.00354008
2015-07-30 00:00:00+00:00,0.02200030,-0.00225933
2015-07-31 00:00:00+00:00,0.00980933,-0.00425897
2015-08-03 00:00:00+00:00,0.01402943,-0.00547901
2015-08-04 00:00:00+00:00,-0.01249123,0.00209990
2015-08-05 00:00:00+00:00,0.00916514,0.00008763
2015-08-06 00:00:00+00:00,-0.00517669,-0.00270903
2015-08-07 00:00:00+00:00,0.01107181,0.00143613
2015-08-10 00:00:00+00:00,-0.02143593,0.01783357
2015-08-11 00:00:00+00:00,0.00062130,-0.01078664
2015-08-12 00:00:00+00:00,-0.02359955,-0.00261785
2015-08-13 00:00:00+00:00,0.01940995,-0.00249425
2015-08-14 00:00:00+00:00,-0.00056348,-0.00089593
2015-08-17 00:00:00+00:00,0.02180622,-0.00592503
2015-08-18 00:00:00+00:00,0.00238835,-0.00263034
2015-08-19 00:00:00+00:00,0.01117343,-0.00441372
2015-08-20 00:00:00+00:00,-0.02370550,0.00370348
2015-08-21 00:00:00+00:00,-0.00591367,-0.01272063
2015-08-24 00:00:00+00:00,0.00610523,-0.01713013
2015-08-25 00:00:00+00:00,-0.02717365,-0.00301015
2015-08-26 00:00:00+00:00,0.03455584,-0.00169454
2015-08-27 00:00:00+00:00,-0.02291344,0.01862050
2015-08-28 00:00:00+00:00,-0.02614725,0.00911804
2015-08-31 00:00:00+00:00,-0.02530287,0.00330395
2015-09-01 00:00:00+00:00,0.00818204,-0.01461482
2015-09-02 00:00:00+00:00,0.00302437,0.00406049
2015-09-03 00:00:00+00:00,-0.02877485,0.00283236
2015-09-04 00:00:00+00:00,0.02471243,-0.00800454
2015-09-08 00:00:00+00:00,-0.01803120,0.01273546
2015-09-09 00:00:00+00:00,0.01247077,-0.00914051
2015-09-10 00:00:00+00:00,-0.00955088,0.00703846
2015-09-11 00:00:00+00:00,0.02426728,0.00263250
2015-09-14 00:00:00+00:00,0.00243221,-0.00134340
2015-09-15 00:00:00+00:00,0.00474177,0.00315030
2015-09-16 00:00:00+00:00,-0.02577435,0.00789277
2015-09-17 00:00:00+00:00,-0.00297882,-0.00132760
2015-09-18 00:00:00+00:00,0.01105772,-0.00751350
2015-09-21 00:00:00+00:00,-0.00754268,0.00314038
2015-09-22 00:00:00+00:00,0.01372189,-0.01082251
2015-09-23 00:00:00+00:00,0.00843472,-0.00182309
2015-09-24 00:00:00+00:00,-0.01580197,0.00451080
2015-09-25 00:00:00+00:00,-0.00099338,0.00170420
2015-09-28 00:00:00+00:00,0.01638591,-0.01262204
2015-09-29 00:00:00+00:00,-0.00753372,0.00339928
2015-09-30 00:00:00+00:00,0.01590233,0.00419424
2015-10-01 00:00:00+00:00,0.01708848,-0.00493170
2015-10-02 00:00:00+00:00,-0.02072405,0.01251041
2015-10-05 00:00:00+00:00,-0.01300235,0.00845481
2015-10-06 00:00:00+00:00,-0.01973887,0.00746292
2015-10-07 00:00:00+00:00,0.00096204,0.00150769
2015-10-08 00:00:00+00:00,-0.00598933,-0.00010537
2015-10-09 00:00:00+00:00,-0.00626490,0.00311214
2015-10-12 00:00:00+00:00,0.01004704,-0.00116809
2015-10-13 00:00:00+00:00,0.01190705,-0.00060951
2015-10-14 00:00:00+00:00,-0.00738320,0.00223605
2015-10-15 00:00:00+00:00,0.01013921,0.00051086
2015-10-16 00:00:00+00:00,0.00487583,0.00038493
2015-10-19 00:00:00+00:00,0.00958990,-0.00644080
2015-10-20 00:00:00+00:00,-0.00494915,0.00057153
2015-10-21 00:00:00+00:00,0.01577332,-0.00239223
2015-10-22 00:00:00+00:00,0.00738599,0.00534233
2015-10-23 00:00:00+00:00,0.02533263,-0.00532486
2015-10-26 00:00:00+00:00,0.03854357,-0.00763417
2015-10-27 00:00:00+00:00,-0.00080321,0.00032497
2015-10-28 00:00:00+00:00,-0.00669794,0.00514445
2015-10-29 00:00:00+00:00,-0.03230571,0.00054075
2015-10-30 00:00:00+00:00,-0.00949966,0.00291656
2015-11-02 00:00:00+00:00,0.00876712,-0.00327692
2015-11-03 00:00:00+00:00,-0.01044015,0.00125632
2015-11-04 00:00:00+00:00,0.00822147,-0.00442017
2015-11-05 00:00:00+00:00,-0.00200630,-0.00376466
2015-11-06 00:00:00+00:00,0.00088591,-0.00612827
2015-11-09 00:00:00+00:00,0.00584033,-0.00692516
2015-11-10 00:00:00+00:00,-0.00019220,-0.00084807
2015-11-11 00:00:00+00:00,0.01057506,-0.00688048
2015-11-12 00:00:00+00:00,0.01115273,-0.00661345
2015-11-13 00:00:00+00:00,-0.01334721,-0.00268908
2015-11-16 00:00:00+00:00,0.01035766,0.00460309
2015-11-17 00:00:00+00:00,0.01303700,-0.00271051
2015-11-18 00:00:00+00:00,0.01851790,0.00076262
2015-11-19 00:00:00+00:00,0.01273978,-0.00068673
2015-11-20 00:00:00+00:00,0.02499254,-0.00507379
2015-11-23 00:00:00+00:00,-0.00927725,0.00398790
2015-11-24 00:00:00+00:00,-0.01357368,0.00358360
2015-11-25 00:00:00+00:00,0.00220417,0.00196195
2015-11-27 00:00:00+00:00,0.00600916,-0.00522277
2015-11-30 00:00:00+00:00,-0.00325501,0.00237036
2015-12-01 00:00:00+00:00,0.00489216,0.00564507
2015-12-02 00:00:00+00:00,0.02470787,-0.01026703
2015-12-03 00:00:00+00:00,-0.03509737,-0.00006996
2015-12-04 00:00:00+00:00,0.01836527,0.01058569
2015-12-07 00:00:00+00:00,0.03834983,-0.01461287
2015-12-08 00:00:00+00:00,-0.00578039,-0.00362643
2015-12-09 00:00:00+00:00,-0.00470364,-0.00117840
2015-12-10 00:00:00+00:00,0.00979383,-0.00115509
2015-12-11 00:00:00+00:00,-0.00526086,-0.00692040
2015-12-14 00:00:00+00:00,0.00828735,-0.00259380
2015-12-15 00:00:00+00:00,0.02031999,-0.00191424
2015-12-16 00:00:00+00:00,0.02172662,-0.00060953
2015-12-17 00:00:00+00:00,0.00836168,-0.00951101
2015-12-18 00:00:00+00:00,-0.01534733,0.00764762
2015-12-21 00:00:00+00:00,-0.03212130,0.00732070
2015-12-22 00:00:00+00:00,-0.00186490,-0.00123503
2015-12-23 00:00:00+00:00,-0.02543175,0.00718728
2015-12-24 00:00:00+00:00,-0.00839608,0.00370865
2015-12-28 00:00:00+00:00,-0.00839943,-0.00119236
2015-12-29 00:00:00+00:00,-0.03675248,0.01220187
2015-12-30 00:00:00+00:00,0.01914135,-0.01133087
2015-12-31 00:00:00+00:00,-0.02127803,0.00246665
2016-01-04 00:00:00+00:00,0.00663663,-0.00710354
2016-01-05 00:00:00+00:00,-0.00003013,-0.00086713
2016-01-06 00:00:00+00:00,0.02138767,-0.00512455
2016-01-07 00:00:00+00:00,-0.01177451,-0.00303715
2016-01-08 00:00:00+00:00,-0.01448362,-0.00091722
2016-01-11 00:00:00+00:00,0.03275978,-0.00941358
2016-01-12 00:00:00+00:00,0.01640821,-0.00407843
2016-01-13 00:00:00+00:00,-0.01230148,-0.00113503
2016-01-14 00:00:00+00:00,-0.00848631,0.00028141
2016-01-15 00:00:00+00:00,0.01991187,-0.01011996
2016-01-19 00:00:00+00:00,0.00075709,-0.00041178
2016-01-20 00:00:00+00:00,0.02059207,-0.00517211
2016-01-21 00:00:00+00:00,-0.03319844,0.01025002
2016-01-22 00:00:00+00:00,-0.01751031,0.01144365
2016-01-25 00:00:00+00:00,0.00710882,-0.00467797
2016-01-26 00:00:00+00:00,-0.02130165,0.01089383
2016-01-27 00:00:00+00:00,-0.01400117,-0.00003909
2016-01-28 00:00:00+00:00,0.00665853,-0.00092165
2016-01-29 00:00:00+00:00,-0.00020483,0.01524086
2016-02-01 00:00:00+00:00,0.01112800,-0.00904246
2016-02-02 00:00:00+00:00,0.01650006,-0.01056853
2016-02-03 00:00:00+00:00,-0.03784777,0.01095124
2016-02-04 00:00:00+00:00,-0.00557116,-0.00112598
2016-02-05 00:00:00+00:00,0.00970922,-0.00545437
2016-02-08 00:00:00+00:00,-0.00136444,0.00377643
2016-02-09 00:00:00+00:00,0.02117273,-0.00853840
2016-02-10 00:00:00+00:00,0.01252234,-0.00458108
2016-02-11 00:00:00+00:00,0.02506863,-0.00046100
2016-02-12 00:00:00+00:00,-0.03624273,0.01038193
2016-02-16 00:00:00+00:00,0.00428173,-0.00181662
2016-02-17 00:00:00+00:00,-0.02730205,0.01187430
2016-02-18 00:00:00+00:00,0.01516034,-0.00300316
2016-02-19 00:00:00+00:00,0.01385707,-0.00449263
2016-02-22 00:00:00+00:00,-0.02688434,0.00863829
2016-02-23 00:00:00+00:00,0.00609492,-0.00442772
2016-02-24 00:00:00+00:00,0.00121082,0.00243193
2016-02-25 00:00:00+00:00,0.01350431,-0.00117834
2016-02-26 00:00:00+00:00,-0.02845188,-0.00162067
2016-02-29 00:00:00+00:00,0.00317133,-0.00046385
2016-03-01 00:00:00+00:00,-0.01818670,0.00636967
2016-03-02 00:00:00+00:00,-0.00196523,0.00168206
2016-03-03 00:00:00+00:00,0.00157399,0.00153210
2016-03-04 00:00:00+00:00,-0.03198272,0.01102983
2016-03-07 00:00:00+00:00,-0.01940496,0.00530110
2016-03-08 00:00:00+00:00,0.02334322,-0.00426099
2016-03-09 00:00:00+00:00,-0.02244543,0.00579423
2016-03-10 00:00:00+00:00,-0.00225290,0.00217464
2016-03-11 00:00:00+00:00,-0.01613674,0.00678666
2016-03-14 00:00:00+00:00,0.00678351,-0.00344388
2016-03-15 00:00:00+00:00,0.00048146,-0.00203903
2016-03-16 00:00:00+00:00,-0.01357025,0.00698519
2016-03-17 00:00:00+00:00,-0.02453446,0.01696116
2016-03-18 00:00:00+00:00,0.01057797,-0.00356959
2016-03-21 00:00:00+00:00,0.00060668,-0.00253724
2016-03-22 00:00:00+00:00,-0.01704353,0.00441630
2016-03-23 00:00:00+00:00,0.03184528,-0.01322981
2016-03-24 00:00:00+00:00,0.00013870,-0.00035039
2016-03-28 00:00:00+00:00,-0.00793813,0.00244574
2016-03-29 00:00:00+00:00,0.01337023,0.00470225
2016-03-30 00:00:00+00:00,-0.00938920,0.00126315
2016-03-31 00:00:00+00:00,0.00986704,-0.00251733
2016-04-01 00:00:00+00:00,0.01209570,-0.00191111
2016-04-04 00:00:00+00:00,0.00768665,-0.00532659
2016-04-05 00:00:00+00:00,0.01031411,-0.00163158
2016-04-06 00:00:00+00:00,-0.01022731,0.00451789
2016-04-07 00:00:00+00:00,0.01304917,0.00076633
2016-04-08 00:00:00+00:00,-0.01553492,0.00577264
2016-04-11 00:00:00+00:00,0.00720273,0.00369402
2016-04-12 00:00:00+00:00,-0.03934374,0.01376988
2016-04-13 00:00:00+00:00,-0.00688773,0.00790739
2016-04-14 00:00:00+00:00,0.00316382,-0.00586371
2016-04-15 00:00:00+00:00,0.02073271,-0.00237047
2016-04-18 00:00:00+00:00,-0.00492605,0.00154970
2016-04-19 00:00:00+00:00,-0.03792450,0.01467276
2016-04-20 00:00:00+00:00,-0.01347940,0.01025580
2016-04-21 00:00:00+00:00,-0.00782234,-0.00252488
2016-04-22 00:00:00+00:00,-0.01957166,-0.00255131
2016-04-25 00:00:00+00:00,0.01720455,-0.00271352
2016-04-26 00:00:00+00:00,-0.00234025,0.00307538
2016-04-27 00:00:00+00:00,0.00798266,0.00115424
2016-04-28 00:00:00+00:00,-0.01188004,0.00660109
2016-04-29 00:00:00+00:00,-0.02201445,0.00745830
2016-05-02 00:00:00+00:00,0.02392710,-0.00563325
2016-05-03 00:00:00+00:00,0.01340801,-0.00675815
2016-05-04 00:00:00+00:00,-0.00116667,-0.00235863
2016-05-05 00:00:00+00:00,0.01332584,-0.00395955
2016-05-06 00:00:00+00:00,-0.00119545,0.00724344
2016-05-09 00:00:00+00:00,0.01620974,-0.00913608
2016-05-10 00:00:00+00:00,-0.00678572,0.01313940
2016-05-11 00:00:00+00:00,-0.01129219,0.00205786
2016-05-12 00:00:00+00:00,0.01106295,-0.00105764
2016-05-13 00:00:00+00:00,0.00688265,-0.00454436
2016-05-16 00:00:00+00:00,0.00373284,0.00537543
2016-05-17 00:00:00+00:00,0.00162405,0.00150157
2016-05-18 00:00:00+00:00,0.00208089,-0.00493650
2016-05-19 00:00:00+00:00,-0.00345289,-0.00527584
2016-05-20 00:00:00+00:00,0.00385325,0.00270821
2016-05-23 00:00:00+00:00,-0.00185525,-0.00112112
2016-05-24 00:00:00+00:00,0.00057151,-0.00064432
2016-05-25 00:00:00+00:00,-0.00330972,0.00789563
2016-05-26 00:00:00+00:00,0.00676667,0.00052646
2016-05-27 00:00:00+00:00,-0.02181673,0.00910750
2016-05-31 00:00:00+00:00,-0.01343919,0.00001738
2016-06-01 00:00:00+00:00,0.00950657,0.00479829
2016-06-02 00:00:00+00:00,0.01334560,0.00603121
2016-06-03 00:00:00+00:00,-0.00417634,0.00498804
2016-06-06 00:00:00+00:00,-0.00673735,0.00729430
2016-06-07 00:00:00+00:00,0.01571835,-0.00060924
2016-06-08 00:00:00+00:00,0.00602949,0.00930602
2016-06-09 00:00:00+00:00,-0.00663203,0.00389891
2016-06-10 00:00:00+00:00,0.01463353,-0.00582360
2016-06-13 00:00:00+00:00,-0.00555473,0.00142034
2016-06-14 00:00:00+00:00,0.00794785,0.00037583
2016-06-15 00:00:00+00:00,-0.01693647,-0.00032253
2016-06-16 00:00:00+00:00,0.01676400,-0.00445866
2016-06-17 00:00:00+00:00,-0.00259247,0.00620366
2016-06-20 00:00:00+00:00,-0.04425357,0.00219151
2016-06-21 00:00:00+00:00,-0.02305440,-0.00546679
2016-06-22 00:00:00+00:00,-0.00455688,-0.00390255
2016-06-23 00:00:00+00:00,-0.02481921,0.00275151
2016-06-24 00:00:00+00:00,0.03158158,-0.00923960
2016-06-27 00:00:00+00:00,0.01453777,0.00044087
2016-06-28 00:00:00+00:00,-0.03116733,0.01551207
2016-06-29 00:00:00+00:00,-0.01837224,0.00674314
2016-06-30 00:00:00+00:00,-0.00478887,0.00160239
2016-07-01 00:00:00+00:00,-0.01460535,0.00820336
2016-07-05 00:00:00+00:00,0.02486698,-0.01325482
2016-07-06 00:00:00+00:00,-0.00756536,0.00093447
2016-07-07 00:00:00+00:00,0.00720909,-0.01006293
2016-07-08 00:00:00+00:00,0.01918937,0.01115306
2016-07-11 00:00:00+00:00,-0.00587450,-0.00367431
2016-07-12 00:00:00+00:00,-0.02412299,0.00812276
2016-07-13 00:00:00+00:00,-0.00805083,0.00474464
2016-07-14 00:00:00+00:00,-0.00958150,-0.00117726
2016-07-15 00:00:00+00:00,0.00498441,-0.00625136
2016-07-18 00:00:00+00:00,-0.00379784,0.00023513
2016-07-19 00:00:00+00:00,0.01476606,-0.00520204
2016-07-20 00:00:00+00:00,-0.00341555,-0.00556922
2016-07-21 00:00:00+00:00,0.00818825,0.00128284
2016-07-22 00:00:00+00:00,0.00327027,-0.00119384
2016-07-25 00:00:00+00:00,0.00658341,-0.00608668
2016-07-26 00:00:00+00:00,0.00318236,-0.00025802
2016-07-27 00:00:00+00:00,0.01371350,-0.00028813
2016-07-28 00:00:00+00:00,0.01060226,0.00620087
2016-07-29 00:00:00+00:00,-0.00021091,0.00711173
2016-08-01 00:00:00+00:00,0.02063531,-0.01106351
2016-08-02 00:00:00+00:00,0.00311752,-0.00344304
2016-08-03 00:00:00+00:00,-0.00898718,0.00487415
2016-08-04 00:00:00+00:00,0.00808926,0.00133751
2016-08-05 00:00:00+00:00,-0.01479478,-0.00391983
2016-08-08 00:00:00+00:00,-0.00897395,0.00302775
2016-08-09 00:00:00+00:00,0.01188844,-0.00379148
2016-08-10 00:00:00+00:00,0.00657380,-0.00103249
2016-08-11 00:00:00+00:00,-0.00716456,0.00328897
2016-08-12 00:00:00+00:00,0.00397326,-0.00137031
2016-08-15 00:00:00+00:00,-0.00965476,0.00546601
2016-08-16 00:00:00+00:00,-0.00529893,0.00265172
2016-08-17 00:00:00+00:00,-0.00123318,0.00045043
2016-08-18 00:00:00+00:00,-0.00532591,0.00661466
2016-08-19 00:00:00+00:00,-0.00463731,-0.00520343
2016-08-22 00:00:00+00:00,-0.00188199,-0.00119936
2016-08-23 00:00:00+00:00,0.00593000,0.00265254
2016-08-24 00:00:00+00:00,-0.00085603,-0.00664214
2016-08-25 00:00:00+00:00,-0.00239982,-0.00222424
2016-08-26 00:00:00+00:00,0.00409008,-0.00208088
2016-08-29 00:00:00+00:00,0.01216512,-0.00092621
2016-08-30 00:00:00+00:00,0.00682088,-0.00689142
2016-08-31 00:00:00+00:00,-0.00188566,-0.00267320
2016-09-01 00:00:00+00:00,-0.00023700,-0.00155058
2016-09-02 00:00:00+00:00,-0.00289634,0.00728902
2016-09-06 00:00:00+00:00,0.01962198,0.00625540
2016-09-07 00:00:00+00:00,-0.00746629,0.00134200
2016-09-08 00:00:00+00:00,-0.02640260,0.00520854
2016-09-09 00:00:00+00:00,-0.00993377,-0.01049200
2016-09-12 00:00:00+00:00,-0.00017942,0.00526894
2016-09-13 00:00:00+00:00,-0.00264185,-0.01012450
2016-09-14 00:00:00+00:00,-0.00655259,0.00082112
2016-09-15 00:00:00+00:00,0.00043708,0.00429388
2016-09-16 00:00:00+00:00,-0.00560677,0.00045815
2016-09-19 00:00:00+00:00,0.00140514,0.00121936
2016-09-20 00:00:00+00:00,-0.00150474,0.00565628
2016-09-21 00:00:00+00:00,0.01064574,0.00557562
2016-09-22 00:00:00+00:00,0.01139002,0.00612251
2016-09-23 00:00:00+00:00,-0.00667887,-0.00759523
2016-09-26 00:00:00+00:00,-0.00577916,-0.00147506
2016-09-27 00:00:00+00:00,-0.00411134,-0.00192491
2016-09-28 00:00:00+00:00,0.00198860,0.00304010
2016-09-29 00:00:00+00:00,-0.00448226,0.00071569
2016-09-30 00:00:00+00:00,-0.00031541,0.00199582
2016-10-03 00:00:00+00:00,-0.00634410,0.00188039
2016-10-04 00:00:00+00:00,-0.02144327,-0.00902820
2016-10-05 00:00:00+00:00,0.00300364,0.00306631
2016-10-06 00:00:00+00:00,-0.00464898,-0.00352769
2016-10-07 00:00:00+00:00,-0.00164629,0.00206375
2016-10-11 00:00:00+00:00,-0.00151032,0.00354889
2016-10-12 00:00:00+00:00,-0.00057836,-0.00518591
2016-10-13 00:00:00+00:00,0.00278031,0.00555098
2016-10-14 00:00:00+00:00,-0.00177800,-0.00124601
2016-10-17 00:00:00+00:00,-0.00232548,-0.00006855
2016-10-18 00:00:00+00:00,0.00593184,0.00279580
2016-10-19 00:00:00+00:00,-0.00471371,0.00232482
2016-10-20 00:00:00+00:00,0.00017254,-0.00489629
2016-10-21 00:00:00+00:00,-0.00794882,-0.00246387
2016-10-24 00:00:00+00:00,-0.00094582,-0.00377951
2016-10-25 00:00:00+00:00,-0.00419099,0.00053922
2016-10-26 00:00:00+00:00,-0.00936953,-0.00176262
2016-10-27 00:00:00+00:00,-0.00391040,0.00167230
2016-10-28 00:00:00+00:00,0.02157265,0.00837777
2016-10-31 00:00:00+00:00,-0.00631689,-0.00475898
2016-11-01 00:00:00+00:00,-0.00216807,-0.00304678
2016-11-02 00:00:00+00:00,-0.00689762,-0.00489506
2016-11-03 00:00:00+00:00,-0.01202185,-0.00332243
2016-11-04 00:00:00+00:00,-0.00452084,-0.00041681
2016-11-07 00:00:00+00:00,0.01292090,0.00669368
2016-11-08 00:00:00+00:00,-0.00869137,0.00137258
2016-11-09 00:00:00+00:00,0.00937619,-0.00115479
2016-11-10 00:00:00+00:00,0.00615264,0.00165472
2016-11-14 00:00:00+00:00,-0.03981881,-0.01559573
2016-11-15 00:00:00+00:00,0.00478079,0.00787812
2016-11-16 00:00:00+00:00,-0.00185715,-0.00125343
2016-11-17 00:00:00+00:00,-0.00110404,-0.00027655
2016-11-18 00:00:00+00:00,-0.00127585,0.00302022
2016-11-21 00:00:00+00:00,-0.00264020,0.00997720
2016-11-22 00:00:00+00:00,0.00166364,0.00492375
2016-11-23 00:00:00+00:00,-0.00713636,0.00049723
2016-11-25 00:00:00+00:00,0.00332497,0.00133644
2016-11-28 00:00:00+00:00,0.00464380,0.00653685
2016-11-29 00:00:00+00:00,0.00349969,-0.00481594
2016-11-30 00:00:00+00:00,-0.01766928,0.00350088
2016-12-01 00:00:00+00:00,-0.00092814,0.00222710
2016-12-02 00:00:00+00:00,0.00330940,0.00308798
2016-12-05 00:00:00+00:00,0.00229324,0.01277034
2016-12-06 00:00:00+00:00,-0.00224980,-0.00214648
2016-12-07 00:00:00+00:00,0.01083385,0.00292325
2016-12-08 00:00:00+00:00,-0.01045688,-0.00019236
2016-12-09 00:00:00+00:00,-0.00386886,0.00383207
2016-12-12 00:00:00+00:00,0.00097791,-0.00296482
2016-12-13 00:00:00+00:00,-0.00661893,-0.00012720
2016-12-14 00:00:00+00:00,0.00101402,-0.00280827
2016-12-15 00:00:00+00:00,-0.00745078,-0.00909841
2016-12-16 00:00:00+00:00,-0.00119844,0.00230716
2016-12-19 00:00:00+00:00,-0.01730076,-0.00373667
2016-12-20 00:00:00+00:00,-0.00513094,-0.00460768
2016-12-21 00:00:00+00:00,0.01943828,0.00520668
2016-12-22 00:00:00+00:00,0.00789871,-0.00220381
2016-12-23 00:00:00+00:00,0.00286821,0.00139413
2016-12-27 00:00:00+00:00,0.01677473,0.00989457
2016-12-28 00:00:00+00:00,0.00562767,0.00118655
2016-12-29 00:00:00+00:00,-0.01424187,-0.00107661
2016-12-30 00:00:00+00:00,-0.00462105,-0.00321349
2017-01-03 00:00:00+00:00,-0.03372434,-0.00700960
2017-01-04 00:00:00+00:00,0.01329057,0.00644761
2017-01-05 00:00:00+00:00,-0.00838903,0.00381315
2017-01-06 00:00:00+00:00,0.00798723,-0.00184869
2017-01-09 00:00:00+00:00,-0.02755172,-0.00398534
2017-01-10 00:00:00+00:00,0.02323549,0.00589177
2017-01-11 00:00:00+00:00,0.00245532,0.00205078
2017-01-12 00:00:00+00:00,0.02657216,0.00866153
2017-01-13 00:00:00+00:00,0.00331919,0.00156230
2017-01-17 00:00:00+00:00,-0.01608437,0.00272780
2017-01-18 00:00:00+00:00,-0.01145128,-0.00328523
2017-01-19 00:00:00+00:00,0.00797001,-0.00032542
2017-01-20 00:00:00+00:00,-0.00143377,-0.00162986
2017-01-23 00:00:00+00:00,0.00433179,0.00382757
2017-01-24 00:00:00+00:00,0.02114878,0.00176038
2017-01-25 00:00:00+00:00,0.00457892,0.00039744
2017-01-26 00:00:00+00:00,-0.00021990,0.00072528
2017-01-27 00:00:00+00:00,-0.00138491,-0.00023141
2017-01-30 00:00:00+00:00,-0.01864184,-0.00863267
2017-01-31 00:00:00+00:00,0.00683128,0.00291966
2017-02-01 00:00:00+00:00,0.00657428,0.00476497
2017-02-02 00:00:00+00:00,-0.00608585,-0.00036352
2017-02-03 00:00:00+00:00,-0.01882526,-0.00427672
2017-02-06 00:00:00+00:00,-0.00265231,0.00285680
2017-02-07 00:00:00+00:00,-0.00423624,0.00327965
2017-02-08 00:00:00+00:00,0.00517908,0.00382393
2017-02-09 00:00:00+00:00,0.00777396,0.00079264
2017-02-10 00:00:00+00:00,0.01881386,0.00456101
2017-02-13 00:00:00+00:00,-0.00909400,-0.00375664
2017-02-14 00:00:00+00:00,-0.00408253,-0.00195067
2017-02-15 00:00:00+00:00,0.00404342,0.00431098
2017-02-16 00:00:00+00:00,-0.01081043,-0.00285210
2017-02-17 00:00:00+00:00,-0.00503099,-0.00210943
2017-02-21 00:00:00+00:00,-0.00877634,-0.00457899
2017-02-22 00:00:00+00:00,-0.00300569,0.00002186
2017-02-23 00:00:00+00:00,-0.01185932,-0.00039140
2017-02-24 00:00:00+00:00,0.00098702,0.00247040
2017-02-27 00:00:00+00:00,0.01023257,0.00176508
2017-02-28 00:00:00+00:00,0.00924851,0.00482728
2017-03-01 00:00:00+00:00,0.01188446,0.00488232
2017-03-02 00:00:00+00:00,-0.01315915,-0.01014953
2017-03-03 00:00:00+00:00,0.00631475,0.00207868
2017-03-06 00:00:00+00:00,-0.00338668,-0.00031108
2017-03-07 00:00:00+00:00,-0.01107000,-0.00716507
2017-03-08 00:00:00+00:00,-0.01105823,-0.00598723
2017-03-09 00:00:00+00:00,-0.00226397,-0.00450377
2017-03-10 00:00:00+00:00,-0.00001375,-0.00048778
2017-03-13 00:00:00+00:00,0.00900676,0.00112154
2017-03-14 00:00:00+00:00,-0.01074204,-0.00490403
2017-03-15 00:00:00+00:00,0.00814969,0.00946040
2017-03-16 00:00:00+00:00,-0.00410707,0.00230484
2017-03-17 00:00:00+00:00,0.00054980,0.00307845
2017-03-20 00:00:00+00:00,0.00090063,0.00006853
2017-03-21 00:00:00+00:00,-0.01338934,-0.00251452
2017-03-22 00:00:00+00:00,0.00164572,-0.00018797
2017-03-23 00:00:00+00:00,0.00548913,-0.00170253
2017-03-24 00:00:00+00:00,0.00376296,0.00032634
2017-03-27 00:00:00+00:00,-0.00320854,0.00116474
2017-03-28 00:00:00+00:00,0.00990805,0.00525049
2017-03-29 00:00:00+00:00,0.00982157,0.00446141
2017-03-30 00:00:00+00:00,0.00700992,0.00010423
2017-03-31 00:00:00+00:00,-0.00287605,0.00028331
2017-04-03 00:00:00+00:00,-0.00961270,-0.00285673
2017-04-04 00:00:00+00:00,0.01308215,0.00501032
2017-04-05 00:00:00+00:00,-0.00438682,0.00084146
2017-04-06 00:00:00+00:00,0.00617099,0.00188208
2017-04-07 00:00:00+00:00,0.00145124,-0.00205132
2017-04-10 00:00:00+00:00,-0.00111493,0.00010594
2017-04-11 00:00:00+00:00,-0.00969986,0.00170937
2017-04-12 00:00:00+00:00,-0.00393643,-0.00070095
2017-04-13 00:00:00+00:00,-0.00517671,0.00449723
2017-04-17 00:00:00+00:00,0.00097270,-0.00114496
2017-04-18 00:00:00+00:00,-0.00719279,-0.00360192
2017-04-19 00:00:00+00:00,-0.00391441,-0.00280629
2017-04-20 00:00:00+00:00,0.00618087,-0.00042203
2017-04-21 00:00:00+00:00,-0.00569804,-0.00492595
2017-04-24 00:00:00+00:00,0.00681071,0.00134889
2017-04-25 00:00:00+00:00,0.00888639,0.00092672
2017-04-26 00:00:00+00:00,0.00186263,0.00055234
2017-04-27 00:00:00+00:00,0.00707266,0.00137938
2017-04-28 00:00:00+00:00,0.00119694,0.00063569
2017-05-01 00:00:00+00:00,0.00382928,0.00047559
2017-05-02 00:00:00+00:00,-0.00695577,-0.00348836
2017-05-03 00:00:00+00:00,-0.00003752,-0.00295853
2017-05-04 00:00:00+00:00,-0.00740674,-0.01043938
2017-05-05 00:00:00+00:00,0.00870883,0.00513516
2017-05-08 00:00:00+00:00,-0.00050155,-0.00498683
2017-05-09 00:00:00+00:00,0.00401141,-0.00042421
2017-05-10 00:00:00+00:00,0.00940014,0.00586541
2017-05-11 00:00:00+00:00,0.00419430,0.00223620
2017-05-12 00:00:00+00:00,0.00002949,0.00369919
2017-05-15 00:00:00+00:00,0.00343374,0.00442566
2017-05-16 00:00:00+00:00,-0.00492029,-0.00027043
2017-05-17 00:00:00+00:00,-0.02717714,0.00009251
2017-05-18 00:00:00+00:00,0.01554634,-0.00436894
2017-05-19 00:00:00+00:00,0.00358214,0.00875517
2017-05-22 00:00:00+00:00,0.00728428,0.00543865
2017-05-23 00:00:00+00:00,0.00457699,-0.00207340
2017-05-24 00:00:00+00:00,-0.00127663,0.00037232
2017-05-25 00:00:00+00:00,0.00867738,-0.00286455
2017-05-26 00:00:00+00:00,0.00028248,0.00246833
2017-05-30 00:00:00+00:00,0.00284796,-0.00381081
2017-05-31 00:00:00+00:00,-0.00675995,-0.00122048
2017-06-01 00:00:00+00:00,0.00441658,-0.00157490
2017-06-02 00:00:00+00:00,-0.00295684,0.00359909
2017-06-05 00:00:00+00:00,-0.00160882,-0.00151126
2017-06-06 00:00:00+00:00,-0.00557735,0.00516372
2017-06-07 00:00:00+00:00,-0.00370300,-0.00304876
2017-06-08 00:00:00+00:00,0.00487102,0.00082023
2017-06-09 00:00:00+00:00,-0.01340986,-0.00064013
2017-06-12 00:00:00+00:00,0.00275614,-0.00601842
2017-06-13 00:00:00+00:00,-0.00231236,-0.00006766
2017-06-14 00:00:00+00:00,-0.00901667,-0.00214854
2017-06-15 00:00:00+00:00,-0.00390997,-0.00057869
2017-06-16 00:00:00+00:00,-0.00453485,0.00124214
2017-06-19 00:00:00+00:00,0.01411869,-0.00564213
2017-06-20 00:00:00+00:00,-0.00199775,-0.00497417
2017-06-21 00:00:00+00:00,0.00896538,-0.00083215
2017-06-22 00:00:00+00:00,0.00995691,-0.00224111
2017-06-23 00:00:00+00:00,0.00537801,0.00287042
2017-06-26 00:00:00+00:00,-0.00368188,0.00270643
2017-06-27 00:00:00+00:00,-0.00422375,-0.00031805
2017-06-28 00:00:00+00:00,0.01197818,0.00440062
2017-06-29 00:00:00+00:00,-0.00875629,-0.00304659
2017-06-30 00:00:00+00:00,-0.01049562,0.00615709
2017-07-03 00:00:00+00:00,-0.01070535,-0.00281655
2017-07-05 00:00:00+00:00,-0.00449311,-0.00495376
2017-07-06 00:00:00+00:00,-0.00329548,0.00002011
2017-07-07 00:00:00+00:00,0.00184385,-0.00402571
2017-07-10 00:00:00+00:00,-0.01078934,0.00808796
2017-07-11 00:00:00+00:00,0.00154305,0.00660442
2017-07-12 00:00:00+00:00,0.01630883,-0.00073406
2017-07-13 00:00:00+00:00,0.02242953,-0.00777717
2017-07-14 00:00:00+00:00,-0.00101562,0.00759779
2017-07-17 00:00:00+00:00,-0.00072024,0.00472782
2017-07-18 00:00:00+00:00,-0.00633106,0.00557271
2017-07-19 00:00:00+00:00,-0.00091562,0.00329414
2017-07-20 00:00:00+00:00,-0.00403835,0.00234605
2017-07-21 00:00:00+00:00,-0.00433015,-0.00453830
2017-07-24 00:00:00+00:00,0.00611382,-0.00227430
2017-07-25 00:00:00+00:00,0.01690174,0.00330761
2017-07-26 00:00:00+00:00,0.00197175,0.00370308
2017-07-27 00:00:00+00:00,-0.00062182,0.00243599
2017-07-28 00:00:00+00:00,-0.00480664,0.00299873
2017-07-31 00:00:00+00:00,0.00227760,-0.00392369
2017-08-01 00:00:00+00:00,0.00656692,-0.00397549
2017-08-02 00:00:00+00:00,0.00014652,0.00205375
2017-08-03 00:00:00+00:00,0.00033469,-0.00277916
2017-08-04 00:00:00+00:00,0.01203013,-0.00246170
2017-08-07 00:00:00+00:00,0.00092089,0.00412409
2017-08-08 00:00:00+00:00,-0.00017779,0.00052607
2017-08-09 00:00:00+00:00,-0.01064369,0.00654819
2017-08-10 00:00:00+00:00,-0.00929950,-0.00649491
2017-08-11 00:00:00+00:00,0.00170254,0.00305936
2017-08-14 00:00:00+00:00,0.00892329,-0.00148467
2017-08-15 00:00:00+00:00,0.00283895,-0.00444185
2017-08-16 00:00:00+00:00,0.00585725,-0.00069882
2017-08-17 00:00:00+00:00,-0.01954513,-0.00079010
2017-08-18 00:00:00+00:00,-0.00342809,0.00215769
2017-08-21 00:00:00+00:00,0.00268043,0.00057210
2017-08-22 00:00:00+00:00,0.01095173,0.00112513
2017-08-23 00:00:00+00:00,-0.00757718,-0.00004661
2017-08-24 00:00:00+00:00,0.00363880,-0.00020091
2017-08-25 00:00:00+00:00,-0.00236638,-0.00063938
2017-08-28 00:00:00+00:00,0.00274527,0.00016806
2017-08-29 00:00:00+00:00,0.00467706,0.00140174
2017-08-30 00:00:00+00:00,-0.00037522,-0.00099463
2017-08-31 00:00:00+00:00,-0.00038543,0.01185734
2017-09-01 00:00:00+00:00,0.00052591,0.00233708
2017-09-05 00:00:00+00:00,-0.01938583,0.00364569
2017-09-06 00:00:00+00:00,0.00504909,0.00252529
2017-09-07 00:00:00+00:00,-0.00568333,0.00053677
2017-09-08 00:00:00+00:00,-0.00682511,-0.00809799
2017-09-11 00:00:00+00:00,0.01805476,0.00291723
2017-09-12 00:00:00+00:00,0.00578354,-0.00147542
2017-09-13 00:00:00+00:00,-0.00290796,0.00181459
2017-09-14 00:00:00+00:00,-0.00488141,0.00176033
2017-09-15 00:00:00+00:00,0.00186400,0.00128247
2017-09-18 00:00:00+00:00,0.01185384,-0.00038863
2017-09-19 00:00:00+00:00,0.00107408,-0.00144859
2017-09-20 00:00:00+00:00,-0.00154967,0.00187372
2017-09-21 00:00:00+00:00,0.00406758,-0.00882869
2017-09-22 00:00:00+00:00,-0.00404994,0.00251515
2017-09-25 00:00:00+00:00,-0.00582007,0.00149025
2017-09-26 00:00:00+00:00,0.00462734,-0.00374739
2017-09-27 00:00:00+00:00,0.01101797,0.00213872
2017-09-28 00:00:00+00:00,0.00554058,0.00044428
2017-09-29 00:00:00+00:00,0.00107012,0.00028969
2017-10-02 00:00:00+00:00,0.00706582,-0.00581498
2017-10-03 00:00:00+00:00,0.00450800,-0.00043076
2017-10-04 00:00:00+00:00,-0.00025431,0.00058446
2017-10-05 00:00:00+00:00,0.01033145,0.00533324
2017-10-06 00:00:00+00:00,-0.00395468,-0.00368876
2017-10-09 00:00:00+00:00,-0.00123391,0.00080099
2017-10-10 00:00:00+00:00,-0.00087067,0.00664350
2017-10-11 00:00:00+00:00,0.00469779,0.00043792
2017-10-12 00:00:00+00:00,-0.00917689,0.00618592
2017-10-13 00:00:00+00:00,-0.00108420,0.00580934
2017-10-16 00:00:00+00:00,0.01242264,0.00049898
2017-10-17 00:00:00+00:00,-0.00244945,-0.00323119
2017-10-18 00:00:00+00:00,0.00846864,-0.00355139
2017-10-19 00:00:00+00:00,-0.00372354,0.00075122
2017-10-20 00:00:00+00:00,0.00802476,-0.00155121
2017-10-23 00:00:00+00:00,-0.00438380,0.00402417
2017-10-24 00:00:00+00:00,0.00803138,0.00031198
2017-10-25 00:00:00+00:00,0.00035901,-0.00401144
2017-10-26 00:00:00+00:00,0.00321608,-0.00085612
2017-10-27 00:00:00+00:00,0.00313348,-0.00086463
2017-10-30 00:00:00+00:00,-0.01073860,0.00676707
2017-10-31 00:00:00+00:00,0.00310482,-0.00295141
2017-11-01 00:00:00+00:00,0.00295101,0.00482341
2017-11-02 00:00:00+00:00,-0.00207066,0.00327989
2017-11-03 00:00:00+00:00,-0.00061707,-0.00005965
2017-11-06 00:00:00+00:00,-0.00117953,0.01137857
2017-11-07 00:00:00+00:00,-0.00579113,-0.00270706
2017-11-08 00:00:00+00:00,0.00290507,0.00115665
2017-11-09 00:00:00+00:00,-0.00300152,-0.00234350
2017-11-10 00:00:00+00:00,0.00356169,-0.00268611
2017-11-13 00:00:00+00:00,0.00043933,-0.00015591
2017-11-14 00:00:00+00:00,-0.00476270,-0.00544297
2017-11-15 00:00:00+00:00,-0.00596157,-0.00080080
2017-11-16 00:00:00+00:00,0.00769777,0.00036741
2017-11-17 00:00:00+00:00,-0.00196571,0.00816778
2017-11-20 00:00:00+00:00,0.00247549,-0.00185760
2017-11-21 00:00:00+00:00,0.01038931,0.00108537
2017-11-22 00:00:00+00:00,-0.00090643,0.00284945
2017-11-24 00:00:00+00:00,0.00469661,-0.00252387
2017-11-27 00:00:00+00:00,-0.00182562,0.00115886
2017-11-28 00:00:00+00:00,0.00780650,0.00189472
2017-11-29 00:00:00+00:00,-0.00147990,-0.00240416
2017-11-30 00:00:00+00:00,0.01443764,-0.00250337
2017-12-01 00:00:00+00:00,-0.00087025,0.00475660
2017-12-04 00:00:00+00:00,-0.00284472,-0.00558530
2017-12-05 00:00:00+00:00,-0.00122713,-0.00685908
2017-12-06 00:00:00+00:00,-0.00432975,-0.00190616
2017-12-07 00:00:00+00:00,0.00694353,-0.00549001
2017-12-08 00:00:00+00:00,0.00425207,0.00231212
2017-12-11 00:00:00+00:00,0.00657555,0.00291130
2017-12-12 00:00:00+00:00,0.00161473,-0.00647085
2017-12-13 00:00:00+00:00,-0.00775022,0.00456960
2017-12-14 00:00:00+00:00,-0.00254761,-0.00061855
2017-12-15 00:00:00+00:00,-0.00304331,0.00478341
2017-12-18 00:00:00+00:00,-0.00536526,0.00591164
2017-12-19 00:00:00+00:00,0.00147335,-0.00386343
2017-12-20 00:00:00+00:00,-0.00224403,-0.00013490
2017-12-21 00:00:00+00:00,0.00357707,0.00037342
2017-12-22 00:00:00+00:00,-0.01245861,0.00402409
2017-12-26 00:00:00+00:00,-0.00347810,0.00476269
2017-12-27 00:00:00+00:00,-0.01148365,0.00365636
2017-12-28 00:00:00+00:00,-0.01705329,0.00601027
2017-12-29 00:00:00+00:00,-0.01100496,0.00299503
2018-01-02 00:00:00+00:00,-0.00470494,0.00434402
2018-01-03 00:00:00+00:00,0.00852601,0.00273846
2018-01-04 00:00:00+00:00,0.01590219,-0.00196015
2018-01-05 00:00:00+00:00,0.01397870,-0.00203955
2018-01-08 00:00:00+00:00,0.00213616,0.00036021
2018-01-09 00:00:00+00:00,0.00086649,0.00180209
2018-01-10 00:00:00+00:00,-0.00040187,0.00019672
2018-01-11 00:00:00+00:00,-0.00309215,0.00626955
2018-01-12 00:00:00+00:00,-0.00156831,0.00642221
2018-01-16 00:00:00+00:00,-0.01144439,-0.00007959
2018-01-17 00:00:00+00:00,-0.00171874,0.00475568
2018-01-18 00:00:00+00:00,-0.00192020,-0.00382123
2018-01-19 00:00:00+00:00,0.00182959,0.00115186
2018-01-22 00:00:00+00:00,0.00362528,0.00299366
2018-01-23 00:00:00+00:00,-0.00957387,0.00570145
2018-01-24 00:00:00+00:00,-0.01146611,0.00782628
2018-01-25 00:00:00+00:00,0.00581057,0.00222237
2018-01-26 00:00:00+00:00,0.01016626,0.00270077
2018-01-29 00:00:00+00:00,-0.01766682,0.00102293
2018-01-30 00:00:00+00:00,0.00187838,-0.01558320
2018-01-31 00:00:00+00:00,0.01447281,-0.00303554
2018-02-01 00:00:00+00:00,0.01031120,-0.00413471
2018-02-02 00:00:00+00:00,-0.02088328,-0.00922142
2018-02-05 00:00:00+00:00,-0.04161648,-0.01602384
2018-02-06 00:00:00+00:00,0.02114758,0.00598406
2018-02-07 00:00:00+00:00,-0.00503330,-0.01158697
2018-02-08 00:00:00+00:00,-0.03350886,-0.00795885
2018-02-09 00:00:00+00:00,0.02361200,-0.00524294
2018-02-12 00:00:00+00:00,0.00413441,0.00888962
2018-02-13 00:00:00+00:00,-0.00442043,0.00483291
2018-02-14 00:00:00+00:00,0.01136754,0.00742906
2018-02-15 00:00:00+00:00,0.01277816,0.00553530
2018-02-16 00:00:00+00:00,0.00136618,-0.00037212
2018-02-20 00:00:00+00:00,-0.01198527,-0.00249488
2018-02-21 00:00:00+00:00,-0.01162119,0.00012697
2018-02-22 00:00:00+00:00,0.00778544,0.00334795
2018-02-23 00:00:00+00:00,0.01511636,0.00376670
2018-02-26 00:00:00+00:00,0.01474859,0.00454953
2018-02-27 00:00:00+00:00,-0.01396253,-0.00526989
2018-02-28 00:00:00+00:00,-0.01373344,-0.00408362
2018-03-01 00:00:00+00:00,-0.01979220,-0.00204409
2018-03-02 00:00:00+00:00,-0.00324105,0.00190347
2018-03-05 00:00:00+00:00,0.00946138,0.00459033
2018-03-06 00:00:00+00:00,-0.00777915,0.00552607
2018-03-07 00:00:00+00:00,0.00916307,-0.00430052
2018-03-08 00:00:00+00:00,0.00707926,-0.00063483
2018-03-09 00:00:00+00:00,0.02755574,0.00517503
2018-03-12 00:00:00+00:00,-0.00250370,0.00090228
2018-03-13 00:00:00+00:00,-0.01370564,-0.00038118
2018-03-14 00:00:00+00:00,0.00354639,-0.00348731
2018-03-15 00:00:00+00:00,0.00179399,-0.00027062
2018-03-16 00:00:00+00:00,0.00561360,-0.00084763
2018-03-19 00:00:00+00:00,-0.01049975,-0.00771335
2018-03-20 00:00:00+00:00,0.00867759,0.00059353
2018-03-21 00:00:00+00:00,0.00467772,0.00135706
2018-03-22 00:00:00+00:00,-0.02684696,-0.00791044
2018-03-23 00:00:00+00:00,-0.00790213,-0.00073801
2018-03-26 00:00:00+00:00,0.01972871,0.00581424
2018-03-27 00:00:00+00:00,-0.02000289,-0.00303319
2018-03-28 00:00:00+00:00,-0.00626600,-0.00440120
2018-03-29 00:00:00+00:00,0.01192778,0.01124137
2018-04-02 00:00:00+00:00,-0.02858470,-0.00706940
2018-04-03 00:00:00+00:00,0.01505218,0.00391893
2018-04-04 00:00:00+00:00,0.01229495,-0.00264143
2018-04-05 00:00:00+00:00,0.00592297,0.00395762
2018-04-06 00:00:00+00:00,-0.02475038,-0.00490876
2018-04-09 00:00:00+00:00,0.00925247,0.00543635
2018-04-10 00:00:00+00:00,0.02200402,0.00696018
2018-04-11 00:00:00+00:00,0.00030340,0.00066035
2018-04-12 00:00:00+00:00,0.01228471,0.00072583
2018-04-13 00:00:00+00:00,-0.00273087,0.00044364
2018-04-16 00:00:00+00:00,0.00258515,0.00052289
2018-04-17 00:00:00+00:00,0.00712171,0.00224431
2018-04-18 00:00:00+00:00,0.00145157,0.00773077
2018-04-19 00:00:00+00:00,0.00289308,-0.00625282
2018-04-20 00:00:00+00:00,-0.00684120,-0.00325481
2018-04-23 00:00:00+00:00,0.00997872,-0.00430312
2018-04-24 00:00:00+00:00,-0.01920747,-0.00162743
2018-04-25 00:00:00+00:00,0.01093910,0.00058201
2018-04-26 00:00:00+00:00,0.00930362,0.00458755
2018-04-27 00:00:00+00:00,-0.00471602,-0.00158224
2018-04-30 00:00:00+00:00,-0.00381665,-0.00154763
2018-05-01 00:00:00+00:00,0.00335033,-0.00192115
2018-05-02 00:00:00+00:00,-0.00649877,-0.00141489
2018-05-03 00:00:00+00:00,0.00362703,0.00297194
2018-05-04 00:00:00+00:00,0.01503229,0.00346860
2018-05-07 00:00:00+00:00,0.00750233,0.00030092
2018-05-08 00:00:00+00:00,-0.00561217,-0.00186535
2018-05-09 00:00:00+00:00,0.01736514,0.00388453
2018-05-10 00:00:00+00:00,-0.00187943,0.00814272
2018-05-11 00:00:00+00:00,-0.00039241,-0.00262636
2018-05-14 00:00:00+00:00,0.00466349,0.00144173
2018-05-15 00:00:00+00:00,0.00782725,-0.00477395
2018-05-16 00:00:00+00:00,0.00553301,-0.00086266
2018-05-17 00:00:00+00:00,0.00106691,0.00059403
2018-05-18 00:00:00+00:00,-0.00864546,0.00076312
2018-05-21 00:00:00+00:00,0.01074233,0.00526890
2018-05-22 00:00:00+00:00,0.00119185,0.00369466
2018-05-23 00:00:00+00:00,-0.01074169,0.00075255
2018-05-24 00:00:00+00:00,-0.00400519,-0.00078366
2018-05-25 00:00:00+00:00,-0.01797490,-0.00170835
2018-05-29 00:00:00+00:00,-0.01919101,-0.00445468
2018-05-30 00:00:00+00:00,0.01445765,0.00218974
2018-05-31 00:00:00+00:00,-0.00893459,-0.00130612
2018-06-01 00:00:00+00:00,0.00872044,0.00053248
2018-06-04 00:00:00+00:00,0.00616059,-0.00404285
2018-06-05 00:00:00+00:00,0.01184291,0.00359058
2018-06-06 00:00:00+00:00,0.00952882,0.00077197
2018-06-07 00:00:00+00:00,0.00069970,0.00196327
2018-06-08 00:00:00+00:00,0.00232936,-0.00099245
2018-06-11 00:00:00+00:00,-0.00169513,-0.00134340
2018-06-12 00:00:00+00:00,0.00180651,0.00204464
2018-06-13 00:00:00+00:00,0.00350088,-0.00132139
2018-06-14 00:00:00+00:00,-0.00147599,-0.00043442
2018-06-15 00:00:00+00:00,-0.01946601,-0.01030432
2018-06-18 00:00:00+00:00,-0.00000978,-0.00244179
2018-06-19 00:00:00+00:00,-0.01337038,-0.00753974
2018-06-20 00:00:00+00:00,0.00945011,0.00318905
2018-06-21 00:00:00+00:00,-0.00886748,-0.00368083
2018-06-22 00:00:00+00:00,0.01412949,0.00531858
2018-06-25 00:00:00+00:00,-0.01555168,-0.00926100
2018-06-26 00:00:00+00:00,0.01290630,0.00308108
2018-06-27 00:00:00+00:00,0.00033809,0.00213519
2018-06-28 00:00:00+00:00,0.00256183,-0.00481799
2018-06-29 00:00:00+00:00,0.00268479,0.00242263
2018-07-02 00:00:00+00:00,0.00155652,-0.00820733
2018-07-03 00:00:00+00:00,-0.00851153,0.00104374
2018-07-05 00:00:00+00:00,-0.01162459,-0.00214970
2018-07-06 00:00:00+00:00,0.00745919,0.00894240
2018-07-09 00:00:00+00:00,0.00846445,-0.00085328
2018-07-10 00:00:00+00:00,0.00059947,-0.00211597
2018-07-11 00:00:00+00:00,-0.03148913,-0.01285598
2018-07-12 00:00:00+00:00,0.01114387,0.00471562
2018-07-13 00:00:00+00:00,0.00192609,-0.00342979
2018-07-16 00:00:00+00:00,-0.01539498,-0.00061064
2018-07-17 00:00:00+00:00,-0.00307359,0.00153612
2018-07-18 00:00:00+00:00,0.00200131,0.00001220
2018-07-19 00:00:00+00:00,-0.01059838,0.00002764
2018-07-20 00:00:00+00:00,-0.00187750,0.00331519
2018-07-23 00:00:00+00:00,-0.00483638,-0.00451576
2018-07-24 00:00:00+00:00,0.00444509,0.00400425
2018-07-25 00:00:00+00:00,-0.00414467,0.00631051
2018-07-26 00:00:00+00:00,-0.00169410,-0.00013340
2018-07-27 00:00:00+00:00,-0.01949803,-0.00105645
2018-07-30 00:00:00+00:00,-0.00636020,-0.00035293
2018-07-31 00:00:00+00:00,-0.01843732,0.00444776
2018-08-01 00:00:00+00:00,0.01225410,-0.00881569
2018-08-02 00:00:00+00:00,0.00588095,0.00406785
2018-08-03 00:00:00+00:00,-0.00728752,0.00417784
2018-08-06 00:00:00+00:00,0.00708586,0.00014368
2018-08-07 00:00:00+00:00,-0.00398506,0.00260329
2018-08-08 00:00:00+00:00,-0.01669262,-0.00033355
2018-08-09 00:00:00+00:00,0.00320812,-0.00010142
2018-08-10 00:00:00+00:00,0.02981881,-0.00661448
2018-08-13 00:00:00+00:00,-0.00506590,-0.00465377
2018-08-14 00:00:00+00:00,-0.01098161,0.00239354
2018-08-15 00:00:00+00:00,-0.00582627,-0.01175145
2018-08-16 00:00:00+00:00,-0.00100852,0.00782075
2018-08-17 00:00:00+00:00,0.00509818,0.00131104
2018-08-20 00:00:00+00:00,-0.00116268,0.00335475
2018-08-21 00:00:00+00:00,0.00748003,0.00207415
2018-08-22 00:00:00+00:00,0.00300602,-0.00251326
2018-08-23 00:00:00+00:00,0.00510440,-0.00495010
2018-08-24 00:00:00+00:00,0.00449264,0.00559700
2018-08-27 00:00:00+00:00,0.01205603,-0.00003222
2018-08-28 00:00:00+00:00,0.00571927,-0.00324613
2018-08-29 00:00:00+00:00,0.00713534,0.00324199
2018-08-30 00:00:00+00:00,0.00340673,-0.00315932
2018-08-31 00:00:00+00:00,-0.00395356,0.00312394
2018-09-04 00:00:00+00:00,0.00982037,-0.00734500
2018-09-05 00:00:00+00:00,-0.00818498,-0.00384226
2018-09-06 00:00:00+00:00,-0.00726406,-0.00084603
2018-09-07 00:00:00+00:00,0.00088004,-0.00163240
2018-09-10 00:00:00+00:00,-0.00178226,0.00152066
2018-09-11 00:00:00+00:00,0.01640731,0.00144598
2018-09-12 00:00:00+00:00,-0.00296621,0.00208283
2018-09-13 00:00:00+00:00,0.00208710,-0.00258752
2018-09-14 00:00:00+00:00,0.00731684,-0.00312519
2018-09-17 00:00:00+00:00,-0.00952909,0.00256361
2018-09-18 00:00:00+00:00,0.00363883,0.00487739
2018-09-19 00:00:00+00:00,-0.00169476,0.00357369
2018-09-20 00:00:00+00:00,-0.00249936,0.00691539
2018-09-21 00:00:00+00:00,-0.01279990,0.00500970
2018-09-24 00:00:00+00:00,0.00637219,0.00142256
2018-09-25 00:00:00+00:00,-0.00443014,0.00240248
2018-09-26 00:00:00+00:00,-0.00376258,-0.00236521
2018-09-27 00:00:00+00:00,0.01136189,0.00058117
2018-09-28 00:00:00+00:00,-0.00641237,0.00083196
2018-10-01 00:00:00+00:00,0.01239082,0.00627520
2018-10-02 00:00:00+00:00,-0.00919208,0.00594411
2018-10-03 00:00:00+00:00,0.00388059,0.00077029
2018-10-04 00:00:00+00:00,-0.00860061,-0.00825781
2018-10-05 00:00:00+00:00,-0.00796235,-0.00177285
2018-10-08 00:00:00+00:00,0.00605132,-0.00040995
2018-10-09 00:00:00+00:00,-0.00117288,0.00115086
2018-10-10 00:00:00+00:00,-0.03094605,-0.01311048
2018-10-11 00:00:00+00:00,-0.02504955,0.00218765
2018-10-12 00:00:00+00:00,0.00730714,0.00274117
2018-10-15 00:00:00+00:00,-0.01570248,0.00396257
2018-10-16 00:00:00+00:00,0.02778984,0.00555019
2018-10-17 00:00:00+00:00,-0.00865067,-0.00181772
2018-10-18 00:00:00+00:00,-0.00615944,-0.01152317
2018-10-19 00:00:00+00:00,-0.00033844,0.00048958
2018-10-22 00:00:00+00:00,-0.00137371,-0.00198894
2018-10-23 00:00:00+00:00,-0.00602385,-0.00124039
2018-10-24 00:00:00+00:00,-0.02078917,-0.00908673
2018-10-25 00:00:00+00:00,0.01382289,0.00170169
2018-10-26 00:00:00+00:00,-0.00398701,0.00135285
2018-10-29 00:00:00+00:00,-0.01225843,-0.00515538
2018-10-30 00:00:00+00:00,0.02561851,-0.00265331
2018-10-31 00:00:00+00:00,0.01148817,0.00181948
2018-11-01 00:00:00+00:00,-0.01385809,0.00718569
2018-11-02 00:00:00+00:00,-0.01982533,0.00095385
2018-11-05 00:00:00+00:00,0.00838714,0.00660224
2018-11-06 00:00:00+00:00,0.00158197,0.00023610
2018-11-07 00:00:00+00:00,0.01492782,0.00525235
2018-11-08 00:00:00+00:00,-0.00343714,-0.00275087
2018-11-09 00:00:00+00:00,-0.00878513,-0.00168910
2018-11-12 00:00:00+00:00,-0.00584798,-0.00685733
2018-11-13 00:00:00+00:00,0.01728456,-0.00047427
2018-11-14 00:00:00+00:00,0.02844232,0.01275481
2018-11-15 00:00:00+00:00,-0.02790694,-0.00541027
2018-11-16 00:00:00+00:00,0.00723671,0.00838827
2018-11-19 00:00:00+00:00,0.00266582,0.00122653
2018-11-20 00:00:00+00:00,-0.02927634,-0.01139917
2018-11-21 00:00:00+00:00,-0.00606558,0.00348865
2018-11-23 00:00:00+00:00,-0.00916225,-0.01202908
2018-11-26 00:00:00+00:00,0.01378854,0.00110309
2018-11-27 00:00:00+00:00,0.00808728,0.00101467
2018-11-28 00:00:00+00:00,0.03795173,0.01760572
2018-11-29 00:00:00+00:00,-0.00294897,0.00055274
2018-11-30 00:00:00+00:00,0.00415718,0.00098973
2018-12-03 00:00:00+00:00,-0.01110393,0.00695765
2018-12-04 00:00:00+00:00,-0.02547957,-0.00292086
2018-12-06 00:00:00+00:00,-0.00918176,-0.00609064
2018-12-07 00:00:00+00:00,-0.01504267,0.00271132
2018-12-10 00:00:00+00:00,0.01123890,-0.00245765
2018-12-11 00:00:00+00:00,-0.00954987,0.00013693
2018-12-12 00:00:00+00:00,-0.00996986,-0.00243886
2018-12-13 00:00:00+00:00,0.00000713,-0.00005739
2018-12-14 00:00:00+00:00,-0.01749124,-0.01349208
2018-12-17 00:00:00+00:00,-0.01947981,-0.01039858
2018-12-18 00:00:00+00:00,0.02671386,-0.00120896
2018-12-19 00:00:00+00:00,-0.01575216,-0.00178939
2018-12-20 00:00:00+00:00,-0.00971224,-0.00785925
2018-12-21 00:00:00+00:00,0.01368011,0.00128431
2018-12-24 00:00:00+00:00,-0.03291711,-0.02318924
2018-12-26 00:00:00+00:00,0.01436433,0.02170861
2018-12-27 00:00:00+00:00,0.01253844,0.00195712
2018-12-28 00:00:00+00:00,-0.01918227,-0.00327201
2018-12-31 00:00:00+00:00,-0.01475809,-0.00697176
2019-01-02 00:00:00+00:00,-0.00224639,0.00560415
2019-01-03 00:00:00+00:00,-0.01573728,-0.00372025
2019-01-04 00:00:00+00:00,0.02654206,0.01478991
2019-01-07 00:00:00+00:00,-0.00137133,-0.00048499
2019-01-08 00:00:00+00:00,-0.00019958,0.00353011
2019-01-09 00:00:00+00:00,0.00125133,0.00651148
2019-01-10 00:00:00+00:00,-0.00391976,-0.00225654
2019-01-11 00:00:00+00:00,0.00717555,0.00325405
2019-01-14 00:00:00+00:00,0.02845994,0.00780577
2019-01-15 00:00:00+00:00,-0.00872156,0.00159439
2019-01-16 00:00:00+00:00,-0.00826560,0.00008545
2019-01-17 00:00:00+00:00,0.00395733,0.00417668
2019-01-18 00:00:00+00:00,-0.00841255,0.00811722
2019-01-22 00:00:00+00:00,0.01041751,-0.01778708
2019-01-23 00:00:00+00:00,-0.00405087,-0.00012955
2019-01-24 00:00:00+00:00,0.00526426,0.00282224
2019-01-25 00:00:00+00:00,-0.02229340,0.01031967
2019-01-28 00:00:00+00:00,0.00824285,-0.01107730
2019-01-29 00:00:00+00:00,-0.00430304,0.00217672
2019-01-30 00:00:00+00:00,-0.01749295,0.00865722
2019-01-31 00:00:00+00:00,-0.00419989,0.00110087
2019-02-01 00:00:00+00:00,-0.00245924,-0.00205195
2019-02-04 00:00:00+00:00,-0.00134255,-0.00122932
2019-02-05 00:00:00+00:00,0.00180666,0.00170548
2019-02-06 00:00:00+00:00,0.00288346,-0.00054313
2019-02-07 00:00:00+00:00,0.00486144,-0.00813576
2019-02-08 00:00:00+00:00,-0.00080471,0.00129188
2019-02-11 00:00:00+00:00,0.00573945,-0.00196854
2019-02-12 00:00:00+00:00,0.00110622,0.00723949
2019-02-13 00:00:00+00:00,-0.00436305,-0.00214101
2019-02-14 00:00:00+00:00,-0.00145576,-0.00072175
2019-02-15 00:00:00+00:00,-0.00250788,0.00748198
2019-02-19 00:00:00+00:00,-0.01394828,0.00404720
2019-02-20 00:00:00+00:00,-0.00751375,0.00517930
2019-02-21 00:00:00+00:00,0.00116653,-0.00190947
2019-02-22 00:00:00+00:00,-0.00402301,0.00491400
2019-02-25 00:00:00+00:00,0.00430479,0.00039786
2019-02-26 00:00:00+00:00,-0.00122456,-0.00097828
2019-02-27 00:00:00+00:00,-0.00991337,-0.00182803
2019-02-28 00:00:00+00:00,-0.00084801,-0.00248619
2019-03-01 00:00:00+00:00,0.01182324,-0.00246949
2019-03-04 00:00:00+00:00,-0.00413228,-0.00102798
2019-03-05 00:00:00+00:00,-0.00000915,0.00150750
2019-03-06 00:00:00+00:00,0.00104476,-0.00480993
2019-03-07 00:00:00+00:00,-0.01411419,-0.00161568
2019-03-08 00:00:00+00:00,0.00662857,0.00041688
2019-03-11 00:00:00+00:00,0.00419457,-0.00050173
2019-03-12 00:00:00+00:00,-0.00243519,0.00481008
2019-03-13 00:00:00+00:00,-0.00231943,0.00544939
2019-03-14 00:00:00+00:00,0.00781784,-0.00128562
2019-03-15 00:00:00+00:00,0.00332046,0.00522941
2019-03-18 00:00:00+00:00,0.00371791,0.00371269
2019-03-19 00:00:00+00:00,-0.00020917,0.00094078
2019-03-20 00:00:00+00:00,-0.00740884,-0.00066296
2019-03-21 00:00:00+00:00,0.01081692,0.00543932
2019-03-22 00:00:00+00:00,-0.00564465,-0.00789079
2019-03-25 00:00:00+00:00,-0.00279767,0.00299701
2019-03-26 00:00:00+00:00,0.00137885,0.00003502
2019-03-27 00:00:00+00:00,0.00370292,-0.00312229
2019-03-28 00:00:00+00:00,0.00034149,-0.00277925
2019-03-29 00:00:00+00:00,-0.00463599,-0.00067716
2019-04-01 00:00:00+00:00,0.00489155,0.00615771
2019-04-02 00:00:00+00:00,-0.00553874,0.00040538
2019-04-03 00:00:00+00:00,0.00022367,0.00170326
2019-04-04 00:00:00+00:00,0.00173616,-0.00083695
2019-04-05 00:00:00+00:00,0.00599390,0.00124047
2019-04-08 00:00:00+00:00,-0.00629763,0.00349444
2019-04-09 00:00:00+00:00,-0.00421378,-0.00062593
2019-04-10 00:00:00+00:00,0.00008819,0.00281347
2019-04-11 00:00:00+00:00,0.00725130,-0.00820393
2019-04-12 00:00:00+00:00,-0.00157435,0.00300445
2019-04-15 00:00:00+00:00,-0.00336504,-0.00257555
2019-04-16 00:00:00+00:00,0.00588939,-0.00250947
2019-04-17 00:00:00+00:00,0.00524857,-0.00198525
2019-04-18 00:00:00+00:00,0.00084573,0.00040726
2019-04-22 00:00:00+00:00,0.00096472,0.00105429
2019-04-23 00:00:00+00:00,0.01932993,-0.00142405
2019-04-24 00:00:00+00:00,0.00156784,-0.00049853
2019-04-25 00:00:00+00:00,-0.00573438,-0.00119162
2019-04-26 00:00:00+00:00,0.00548029,0.00123625
2019-04-29 00:00:00+00:00,0.00264328,0.00052706
2019-04-30 00:00:00+00:00,0.00324454,0.00100870
2019-05-01 00:00:00+00:00,-0.00067140,-0.00345227
2019-05-02 00:00:00+00:00,0.00611914,-0.00674926
2019-05-03 00:00:00+00:00,0.00218669,0.00645885
2019-05-06 00:00:00+00:00,0.00464549,-0.00409152
2019-05-07 00:00:00+00:00,-0.01638102,-0.00395568
2019-05-08 00:00:00+00:00,0.00042004,0.00083898
2019-05-09 00:00:00+00:00,0.00473602,-0.00611935
2019-05-10 00:00:00+00:00,0.00491158,0.00114395
2019-05-13 00:00:00+00:00,-0.02637303,-0.00716292
2019-05-14 00:00:00+00:00,-0.00631562,0.01018333
2019-05-15 00:00:00+00:00,-0.00074010,0.00540931
2019-05-16 00:00:00+00:00,0.01240501,0.00404206
2019-05-17 00:00:00+00:00,0.01074338,-0.00419157
2019-05-20 00:00:00+00:00,-0.00817015,0.00140664
2019-05-21 00:00:00+00:00,0.00712636,-0.00064653
2019-05-22 00:00:00+00:00,0.00807468,-0.00447114
2019-05-23 00:00:00+00:00,0.02063453,-0.00553623
2019-05-24 00:00:00+00:00,-0.01200539,0.00574060
2019-05-28 00:00:00+00:00,-0.01143194,0.00365917
2019-05-29 00:00:00+00:00,-0.00186258,-0.00032761
2019-05-30 00:00:00+00:00,0.00124064,0.00185070
2019-05-31 00:00:00+00:00,0.02263191,-0.01060098
2019-06-03 00:00:00+00:00,0.00146446,-0.00057366
2019-06-04 00:00:00+00:00,-0.00553687,0.00621124
2019-06-05 00:00:00+00:00,0.01898088,-0.00593353
2019-06-06 00:00:00+00:00,-0.00562677,0.00409533
2019-06-07 00:00:00+00:00,0.00975462,0.00446018
2019-06-10 00:00:00+00:00,-0.00625166,0.00048871
2019-06-11 00:00:00+00:00,-0.00164577,0.00407723
2019-06-12 00:00:00+00:00,0.00013029,-0.00213086
2019-06-13 00:00:00+00:00,-0.00610856,0.00512487
2019-06-14 00:00:00+00:00,-0.00257714,0.00374102
2019-06-17 00:00:00+00:00,-0.00688178,0.00198211
2019-06-18 00:00:00+00:00,-0.01734080,0.00566640
2019-06-19 00:00:00+00:00,0.00489036,-0.00471672
2019-06-20 00:00:00+00:00,-0.00520951,0.01058660
2019-06-21 00:00:00+00:00,-0.00868849,-0.00135824
2019-06-24 00:00:00+00:00,-0.00737676,0.00822494
2019-06-25 00:00:00+00:00,-0.00391415,-0.00160082
2019-06-26 00:00:00+00:00,-0.00675491,-0.00182247
2019-06-27 00:00:00+00:00,-0.00081626,0.00105141
2019-06-28 00:00:00+00:00,0.00243450,-0.00359127
2019-07-01 00:00:00+00:00,0.00085952,-0.00468218
2019-07-02 00:00:00+00:00,0.02486187,-0.00244510
2019-07-03 00:00:00+00:00,-0.00744193,0.01134564
2019-07-05 00:00:00+00:00,-0.01366791,-0.00233752
2019-07-08 00:00:00+00:00,0.00304256,0.00017250
2019-07-09 00:00:00+00:00,0.00065959,0.00014213
2019-07-10 00:00:00+00:00,-0.02777727,0.00995130
2019-07-11 00:00:00+00:00,0.00407030,0.00017975
2019-07-12 00:00:00+00:00,-0.00328344,0.00501760
2019-07-15 00:00:00+00:00,0.00220510,-0.00226967
2019-07-16 00:00:00+00:00,0.01643154,-0.00814563
2019-07-17 00:00:00+00:00,0.00554944,0.00066279
2019-07-18 00:00:00+00:00,0.00567515,-0.00240537
2019-07-19 00:00:00+00:00,-0.00408122,0.00138468
2019-07-22 00:00:00+00:00,-0.00670869,0.00188732
2019-07-23 00:00:00+00:00,0.00428999,0.00079406
2019-07-24 00:00:00+00:00,0.00845546,-0.00139601
2019-07-25 00:00:00+00:00,-0.00614575,-0.00376871
2019-07-26 00:00:00+00:00,0.00856055,-0.00276407
2019-07-29 00:00:00+00:00,-0.00468417,0.00189739
2019-07-30 00:00:00+00:00,0.00168572,-0.00080290
2019-07-31 00:00:00+00:00,-0.02105717,-0.00252442
2019-08-01 00:00:00+00:00,0.01543464,-0.01128387
2019-08-02 00:00:00+00:00,0.02569853,-0.00097729
2019-08-05 00:00:00+00:00,0.01001649,-0.00776317
2019-08-06 00:00:00+00:00,0.00584429,0.00418938
2019-08-07 00:00:00+00:00,0.02474738,-0.00035191
2019-08-08 00:00:00+00:00,-0.01384286,0.01093617
2019-08-09 00:00:00+00:00,-0.00837084,0.00066624
2019-08-12 00:00:00+00:00,-0.01540236,-0.00356329
2019-08-13 00:00:00+00:00,-0.02751365,0.00615974
2019-08-14 00:00:00+00:00,0.00369312,-0.01142066
2019-08-15 00:00:00+00:00,-0.00214325,0.00400320
2019-08-16 00:00:00+00:00,-0.01012874,0.00542675
2019-08-19 00:00:00+00:00,-0.00934937,0.00100535
2019-08-20 00:00:00+00:00,0.00874197,-0.00146497
2019-08-21 00:00:00+00:00,0.00723625,0.00094097
2019-08-22 00:00:00+00:00,-0.00078637,-0.00342964
2019-08-23 00:00:00+00:00,0.02117250,-0.00723822
2019-08-26 00:00:00+00:00,-0.00254348,0.00745115
2019-08-27 00:00:00+00:00,0.00522001,0.00037092
2019-08-28 00:00:00+00:00,-0.00881007,0.01005607
2019-08-29 00:00:00+00:00,-0.01503140,0.00399648
2019-08-30 00:00:00+00:00,0.01084285,-0.00402477
2019-09-03 00:00:00+00:00,0.02238717,0.00219196
2019-09-04 00:00:00+00:00,-0.01696415,0.01221903
2019-09-05 00:00:00+00:00,-0.02049270,-0.00330169
2019-09-06 00:00:00+00:00,-0.01353492,-0.00172297
2019-09-09 00:00:00+00:00,-0.02176130,0.00259608
2019-09-10 00:00:00+00:00,-0.01176136,0.00040306
2019-09-11 00:00:00+00:00,0.01183283,-0.00218019
2019-09-12 00:00:00+00:00,-0.00802930,0.00449433
2019-09-13 00:00:00+00:00,-0.02043813,-0.00232383
2019-09-16 00:00:00+00:00,-0.06000997,0.01975873
2019-09-17 00:00:00+00:00,0.01743152,-0.00570770
2019-09-18 00:00:00+00:00,0.01300284,-0.00199346
2019-09-19 00:00:00+00:00,0.00891239,-0.00321793
2019-09-20 00:00:00+00:00,0.00126404,-0.00047851
2019-09-23 00:00:00+00:00,0.01354020,0.00595552
2019-09-24 00:00:00+00:00,0.01380283,-0.00302761
2019-09-25 00:00:00+00:00,-0.01524744,-0.00512202
2019-09-26 00:00:00+00:00,0.01661126,-0.00438906
2019-09-27 00:00:00+00:00,-0.00379957,-0.00417173
2019-09-30 00:00:00+00:00,0.00449231,-0.00329517
2019-10-01 00:00:00+00:00,0.01819392,-0.00039541
2019-10-02 00:00:00+00:00,0.01703642,-0.00475776
2019-10-03 00:00:00+00:00,-0.00175675,0.00606567
2019-10-04 00:00:00+00:00,-0.00521088,0.00445715
2019-10-07 00:00:00+00:00,-0.00172770,-0.00319128
2019-10-08 00:00:00+00:00,0.00618637,-0.00102430
2019-10-09 00:00:00+00:00,0.00729230,0.00009984
2019-10-10 00:00:00+00:00,-0.01909034,-0.00155188
2019-10-11 00:00:00+00:00,-0.01538601,0.00655946
2019-10-14 00:00:00+00:00,0.00120511,0.00286368
2019-10-15 00:00:00+00:00,-0.01054212,-0.00166910
2019-10-16 00:00:00+00:00,0.01061276,-0.00121119
2019-10-17 00:00:00+00:00,-0.00275130,0.00369097
2019-10-18 00:00:00+00:00,-0.00861013,-0.00136532
2019-10-21 00:00:00+00:00,0.00566170,-0.00359130
2019-10-22 00:00:00+00:00,-0.00393100,0.00097686
2019-10-23 00:00:00+00:00,-0.01354560,0.00568849
2019-10-24 00:00:00+00:00,-0.00255466,0.00170181
2019-10-25 00:00:00+00:00,0.00084317,0.00195050
2019-10-28 00:00:00+00:00,-0.02042924,0.00323688
2019-10-29 00:00:00+00:00,-0.01646875,0.00462001
2019-10-30 00:00:00+00:00,-0.00312473,0.00481140
2019-10-31 00:00:00+00:00,0.02769611,-0.00262402
2019-11-01 00:00:00+00:00,-0.02035825,0.00839219
2019-11-04 00:00:00+00:00,-0.01818637,0.00312100
2019-11-05 00:00:00+00:00,-0.02783375,-0.00263278
2019-11-06 00:00:00+00:00,0.01886583,-0.00257487
2019-11-07 00:00:00+00:00,-0.02952488,-0.00327411
2019-11-08 00:00:00+00:00,0.00348688,-0.00159891
2019-11-11 00:00:00+00:00,0.01789121,-0.00771417
2019-11-12 00:00:00+00:00,0.00517959,0.00012584
2019-11-13 00:00:00+00:00,0.00864112,0.00132678
2019-11-14 00:00:00+00:00,0.00518609,0.00228924
2019-11-15 00:00:00+00:00,-0.01108716,0.00421718
2019-11-18 00:00:00+00:00,0.01851841,-0.00531723
2019-11-19 00:00:00+00:00,0.00547788,-0.00236379
2019-11-20 00:00:00+00:00,-0.01243910,0.00256944
2019-11-21 00:00:00+00:00,-0.00158941,0.00051256
2019-11-22 00:00:00+00:00,-0.01438492,0.00239266
2019-11-25 00:00:00+00:00,0.01295977,-0.00183712
2019-11-26 00:00:00+00:00,-0.00040322,-0.00071237
2019-11-27 00:00:00+00:00,-0.00104416,-0.00065201
2019-11-29 00:00:00+00:00,0.04130384,-0.01032269
2019-12-02 00:00:00+00:00,-0.01291637,-0.00194265
2019-12-03 00:00:00+00:00,-0.00044583,0.00537921
2019-12-04 00:00:00+00:00,-0.01662920,0.00131435
2019-12-05 00:00:00+00:00,-0.00014999,0.00183581
2019-12-06 00:00:00+00:00,-0.01507261,-0.00072441
2019-12-09 00:00:00+00:00,0.00296052,-0.00258784
2019-12-10 00:00:00+00:00,-0.00376696,0.00205861
2019-12-11 00:00:00+00:00,0.00437697,-0.00007201
2019-12-12 00:00:00+00:00,-0.00885157,0.00630422
2019-12-13 00:00:00+00:00,0.00651797,0.00307279
2019-12-16 00:00:00+00:00,-0.02486914,0.00937254
2019-12-17 00:00:00+00:00,-0.00379807,0.00098995
2019-12-18 00:00:00+00:00,0.00594548,-0.00233849
2019-12-19 00:00:00+00:00,0.00767985,0.00202778
2019-12-20 00:00:00+00:00,-0.00365962,0.00209176
2019-12-23 00:00:00+00:00,0.00758079,-0.00153341
2019-12-24 00:00:00+00:00,0.00711804,0.00254851
2019-12-26 00:00:00+00:00,-0.00528289,0.00865486
2019-12-27 00:00:00+00:00,0.01328008,-0.00567826
2019-12-30 00:00:00+00:00,-0.00862499,0.00008616
2019-12-31 00:00:00+00:00,0.00082642,-0.00121544
2020-01-02 00:00:00+00:00,0.01124151,0.00394892
2020-01-03 00:00:00+00:00,0.01095679,0.00093068
2020-01-06 00:00:00+00:00,0.00565034,0.00157259
2020-01-07 00:00:00+00:00,-0.00293013,0.00096379
2020-01-08 00:00:00+00:00,0.00283194,-0.00440727
2020-01-09 00:00:00+00:00,0.00351457,0.00045316
2020-01-10 00:00:00+00:00,-0.00672130,0.00134328
2020-01-13 00:00:00+00:00,0.00624618,0.00079986
2020-01-14 00:00:00+00:00,-0.00203164,-0.00034418
2020-01-15 00:00:00+00:00,0.00965492,-0.00201716
2020-01-16 00:00:00+00:00,0.00638834,-0.00181216
2020-01-17 00:00:00+00:00,0.00586603,0.00115964
2020-01-21 00:00:00+00:00,0.00275212,-0.00667315
2020-01-22 00:00:00+00:00,0.00067048,-0.00235611
2020-01-23 00:00:00+00:00,0.00398970,-0.00008060
2020-01-24 00:00:00+00:00,-0.00411645,-0.00590556
2020-01-27 00:00:00+00:00,-0.01154705,-0.00541331
2020-01-28 00:00:00+00:00,0.00740453,-0.00115906
2020-01-29 00:00:00+00:00,-0.00020524,-0.00309464
2020-01-30 00:00:00+00:00,0.01269393,-0.00177220
2020-01-31 00:00:00+00:00,-0.01498293,-0.00475046
2020-02-03 00:00:00+00:00,0.00497260,-0.00304165
2020-02-04 00:00:00+00:00,0.00699454,0.00518106
2020-02-05 00:00:00+00:00,0.00767572,0.00385199
2020-02-06 00:00:00+00:00,0.00495913,0.00225648
2020-02-07 00:00:00+00:00,-0.00442005,-0.00167205
2020-02-10 00:00:00+00:00,0.00938368,-0.00167206
2020-02-11 00:00:00+00:00,-0.00128673,0.00025387
2020-02-12 00:00:00+00:00,0.00334015,0.00767673
2020-02-13 00:00:00+00:00,0.00092610,-0.00024045
2020-02-14 00:00:00+00:00,0.00205212,0.00139511
2020-02-18 00:00:00+00:00,-0.01510807,0.00777355
2020-02-19 00:00:00+00:00,0.00277659,0.00563278
2020-02-20 00:00:00+00:00,0.00188744,-0.00245871
2020-02-21 00:00:00+00:00,-0.00347748,-0.00031843
2020-02-24 00:00:00+00:00,0.00537473,-0.01302639
2020-02-25 00:00:00+00:00,-0.01908458,-0.00769222
2020-02-26 00:00:00+00:00,0.00879596,-0.00480316
2020-02-27 00:00:00+00:00,-0.01573866,-0.02281097
2020-02-28 00:00:00+00:00,0.01144638,-0.01381376
2020-03-02 00:00:00+00:00,0.00007492,0.02362935
2020-03-03 00:00:00+00:00,-0.00710171,0.00408173
2020-03-04 00:00:00+00:00,0.02075909,0.01203777
2020-03-05 00:00:00+00:00,-0.00104499,-0.00958423
2020-03-06 00:00:00+00:00,0.02455338,-0.01279112
2020-03-09 00:00:00+00:00,0.01862348,-0.03306353
2020-03-10 00:00:00+00:00,-0.02050105,0.02212860
2020-03-11 00:00:00+00:00,-0.00998138,-0.01864511
2020-03-12 00:00:00+00:00,-0.05342053,-0.03890716
2020-03-13 00:00:00+00:00,0.04179284,0.01050187
2020-03-16 00:00:00+00:00,-0.02942174,-0.04989238
2020-03-17 00:00:00+00:00,0.07912750,-0.00913541
2020-03-18 00:00:00+00:00,0.08723623,-0.05022143
2020-03-19 00:00:00+00:00,-0.06669513,0.03111898
2020-03-20 00:00:00+00:00,0.04668156,-0.00089934
2020-03-23 00:00:00+00:00,0.04687470,-0.00333880
2020-03-24 00:00:00+00:00,-0.05678932,0.04045390
2020-03-25 00:00:00+00:00,-0.02053101,0.00606964
2020-03-26 00:00:00+00:00,0.00344254,0.00545455
2020-03-27 00:00:00+00:00,0.03427415,-0.01309110
2020-03-30 00:00:00+00:00,-0.00556664,0.00099488
2020-03-31 00:00:00+00:00,0.00379595,-0.00361236
2020-04-01 00:00:00+00:00,0.03494528,-0.01844728
2020-04-02 00:00:00+00:00,-0.06551071,0.03024093
2020-04-03 00:00:00+00:00,-0.03691846,0.00770996
2020-04-06 00:00:00+00:00,-0.02941948,0.01932369
2020-04-07 00:00:00+00:00,-0.00094260,0.00062532
2020-04-08 00:00:00+00:00,-0.02107155,0.00643647
2020-04-09 00:00:00+00:00,0.03875002,0.00296887
2020-04-13 00:00:00+00:00,0.01064996,-0.00174888
2020-04-14 00:00:00+00:00,0.03260898,-0.00381207
2020-04-15 00:00:00+00:00,0.02572417,-0.01308803
2020-04-16 00:00:00+00:00,-0.01654622,0.00535070
2020-04-17 00:00:00+00:00,-0.01782159,0.00180929
2020-04-20 00:00:00+00:00,0.43951717,-0.23470651
2020-04-21 00:00:00+00:00,0.22058180,-0.11408023
2020-04-22 00:00:00+00:00,-0.08391742,0.04448994
2020-04-23 00:00:00+00:00,-0.01371159,0.01379364
2020-04-24 00:00:00+00:00,-0.00012448,0.00226356
2020-04-27 00:00:00+00:00,0.01224495,-0.01618609
2020-04-28 00:00:00+00:00,0.01178865,-0.00563114
2020-04-29 00:00:00+00:00,-0.04333642,0.02681437
2020-04-30 00:00:00+00:00,-0.04540790,0.02070024
2020-05-01 00:00:00+00:00,0.00908728,-0.00636679
2020-05-04 00:00:00+00:00,-0.01825646,0.00593639
2020-05-05 00:00:00+00:00,-0.05436115,0.02669225
2020-05-06 00:00:00+00:00,0.01788525,-0.01263263
2020-05-07 00:00:00+00:00,0.01144982,0.00981234
2020-05-08 00:00:00+00:00,-0.00824588,0.00625783
2020-05-11 00:00:00+00:00,0.00520572,-0.00450622
2020-05-12 00:00:00+00:00,0.01430355,-0.00297103
2020-05-13 00:00:00+00:00,0.02453600,-0.01050839
2020-05-14 00:00:00+00:00,-0.01956012,0.01687478
2020-05-15 00:00:00+00:00,-0.00012348,0.00783249
2020-05-18 00:00:00+00:00,-0.03546715,0.02302224
2020-05-19 00:00:00+00:00,-0.00559121,0.00496323
2020-05-20 00:00:00+00:00,0.01896157,0.00659798
2020-05-21 00:00:00+00:00,0.00463181,-0.01011131
2020-05-22 00:00:00+00:00,0.00195858,0.00135004
2020-05-26 00:00:00+00:00,-0.02192318,0.00819720
2020-05-27 00:00:00+00:00,0.01155623,-0.00363325
2020-05-28 00:00:00+00:00,-0.03348192,0.00986092
2020-05-29 00:00:00+00:00,0.01190823,0.01012835
2020-06-01 00:00:00+00:00,0.01490667,-0.00046563
2020-06-02 00:00:00+00:00,-0.00704967,0.00327016
2020-06-03 00:00:00+00:00,-0.01634756,0.00262540
2020-06-04 00:00:00+00:00,-0.01190188,0.00227174
2020-06-05 00:00:00+00:00,-0.01005730,0.00527852
2020-06-08 00:00:00+00:00,0.00156984,0.00445935
2020-06-09 00:00:00+00:00,0.02429692,0.00051694
2020-06-10 00:00:00+00:00,0.00685014,0.00443261
2020-06-11 00:00:00+00:00,-0.00795348,-0.01635186
2020-06-12 00:00:00+00:00,0.00838422,-0.00329155
2020-06-15 00:00:00+00:00,0.01168066,-0.00002380
2020-06-16 00:00:00+00:00,0.00876026,0.00465650
2020-06-17 00:00:00+00:00,-0.00406109,0.00199618
2020-06-18 00:00:00+00:00,-0.00749325,0.00084240
2020-06-19 00:00:00+00:00,0.00058884,0.00925412
2020-06-22 00:00:00+00:00,0.01315220,-0.00189072
2020-06-23 00:00:00+00:00,0.02576873,0.00181469
2020-06-24 00:00:00+00:00,-0.00300102,-0.01336498
2020-06-25 00:00:00+00:00,0.03708797,-0.00310813
2020-06-26 00:00:00+00:00,-0.00465285,-0.00412787
2020-06-29 00:00:00+00:00,-0.05277089,0.02014311
2020-06-30 00:00:00+00:00,-0.01490647,0.01242860
2020-07-01 00:00:00+00:00,-0.01811064,-0.00151468
2020-07-02 00:00:00+00:00,0.00857000,0.00655758
2020-07-06 00:00:00+00:00,-0.01119236,0.01167854
2020-07-07 00:00:00+00:00,0.00138450,0.00117697
2020-07-08 00:00:00+00:00,0.01234249,0.00433949
2020-07-09 00:00:00+00:00,-0.00474097,-0.00489672
2020-07-10 00:00:00+00:00,0.02148538,0.00439290
2020-07-13 00:00:00+00:00,0.03082092,-0.00402383
2020-07-14 00:00:00+00:00,-0.00529617,0.00231764
2020-07-15 00:00:00+00:00,0.01743258,0.00343192
2020-07-16 00:00:00+00:00,-0.01119680,-0.00466028
2020-07-17 00:00:00+00:00,0.00278061,0.00257704
2020-07-20 00:00:00+00:00,0.03731832,0.00220117
2020-07-21 00:00:00+00:00,0.02830365,0.00936195
2020-07-22 00:00:00+00:00,0.01243702,0.00787142
2020-07-23 00:00:00+00:00,-0.01762127,0.00148713
2020-07-24 00:00:00+00:00,-0.00155791,-0.00229322
2020-07-27 00:00:00+00:00,0.04597777,0.00688474
2020-07-28 00:00:00+00:00,-0.00050007,-0.00121651
2020-07-29 00:00:00+00:00,0.00801632,0.00399994
2020-07-30 00:00:00+00:00,-0.00618146,-0.00617799
2020-07-31 00:00:00+00:00,0.02026244,0.00377668
2020-08-03 00:00:00+00:00,-0.04211343,0.01811346
2020-08-04 00:00:00+00:00,0.04326739,0.01052205
2020-08-05 00:00:00+00:00,0.00903061,0.00647671
2020-08-06 00:00:00+00:00,0.02611861,0.00613279
2020-08-07 00:00:00+00:00,-0.02060972,-0.00866951
2020-08-10 00:00:00+00:00,0.02068853,0.00739632
2020-08-11 00:00:00+00:00,-0.05943391,-0.01467130
2020-08-12 00:00:00+00:00,0.00031266,0.00658250
2020-08-13 00:00:00+00:00,-0.00353924,0.00772621
2020-08-14 00:00:00+00:00,-0.03987575,0.00097517
2020-08-17 00:00:00+00:00,0.01659963,0.01287046
2020-08-18 00:00:00+00:00,0.01073259,0.00631019
2020-08-19 00:00:00+00:00,-0.01477969,-0.00371650
2020-08-20 00:00:00+00:00,0.00652777,-0.00428091
2020-08-21 00:00:00+00:00,-0.01819004,0.00140301
2020-08-24 00:00:00+00:00,-0.01830642,0.00538051
2020-08-25 00:00:00+00:00,-0.02271358,0.00277857
2020-08-26 00:00:00+00:00,0.02744426,0.00773656
2020-08-27 00:00:00+00:00,-0.02866434,0.00273227
2020-08-28 00:00:00+00:00,0.00576654,0.00934136
2020-08-31 00:00:00+00:00,0.00825629,0.00348767
2020-09-01 00:00:00+00:00,0.01234580,-0.00005176
2020-09-02 00:00:00+00:00,-0.01182411,-0.00421544
2020-09-03 00:00:00+00:00,-0.00916499,-0.01157671
2020-09-04 00:00:00+00:00,-0.02258243,-0.00249993
2020-09-08 00:00:00+00:00,0.00492393,-0.01589128
2020-09-09 00:00:00+00:00,0.01251447,0.00938094
2020-09-10 00:00:00+00:00,-0.00909597,-0.00677695
2020-09-11 00:00:00+00:00,-0.01904749,0.00100492
2020-09-14 00:00:00+00:00,0.02443872,0.00623131
2020-09-15 00:00:00+00:00,-0.01735391,0.00666541
2020-09-16 00:00:00+00:00,-0.00795801,0.00177804
2020-09-17 00:00:00+00:00,0.00316484,-0.00776065
2020-09-18 00:00:00+00:00,-0.00233285,0.00366540
2020-09-21 00:00:00+00:00,0.00415187,-0.03114429
2020-09-22 00:00:00+00:00,0.00617961,0.00250725
2020-09-23 00:00:00+00:00,-0.06805583,-0.00071997
2020-09-24 00:00:00+00:00,0.00079696,0.00407285
2020-09-25 00:00:00+00:00,0.01175808,-0.00001529
2020-09-28 00:00:00+00:00,0.01724850,0.00624528
2020-09-29 00:00:00+00:00,-0.03550364,0.01658847
2020-09-30 00:00:00+00:00,-0.03461020,0.00504268
2020-10-01 00:00:00+00:00,0.01090704,-0.00130134
2020-10-02 00:00:00+00:00,0.00185962,-0.00836138
2020-10-05 00:00:00+00:00,-0.00398225,0.01486783
2020-10-06 00:00:00+00:00,-0.01704736,-0.00229297
2020-10-07 00:00:00+00:00,-0.01352885,0.00670634
2020-10-08 00:00:00+00:00,0.00324457,0.00484239
2020-10-09 00:00:00+00:00,-0.00081173,0.01359738
2020-10-12 00:00:00+00:00,0.01219877,0.00310729
2020-10-13 00:00:00+00:00,-0.02094174,-0.00387586
2020-10-14 00:00:00+00:00,0.00760406,-0.00336853
2020-10-15 00:00:00+00:00,-0.00365513,0.00573379
2020-10-16 00:00:00+00:00,-0.00019401,-0.00199798
2020-10-19 00:00:00+00:00,-0.00082454,0.00000436
2020-10-20 00:00:00+00:00,0.00092177,0.00744101
2020-10-21 00:00:00+00:00,0.00807635,0.00506749
2020-10-22 00:00:00+00:00,-0.00703079,-0.00077435
2020-10-23 00:00:00+00:00,0.00009012,-0.00165418
2020-10-26 00:00:00+00:00,-0.00530673,-0.00542201
2020-10-27 00:00:00+00:00,-0.00088173,-0.00040184
2020-10-28 00:00:00+00:00,-0.01919413,-0.01989455
2020-10-29 00:00:00+00:00,-0.00384070,0.00202136
2020-10-30 00:00:00+00:00,-0.00548902,-0.00260612
2020-11-02 00:00:00+00:00,0.00902980,0.00483117
2020-11-03 00:00:00+00:00,0.01285422,0.00471766
2020-11-04 00:00:00+00:00,0.00499261,0.01122016
2020-11-05 00:00:00+00:00,0.03173696,0.01042582
2020-11-06 00:00:00+00:00,0.00611369,-0.00370108
2020-11-09 00:00:00+00:00,-0.02844145,0.00204667
2020-11-10 00:00:00+00:00,-0.01079226,0.00612844
2020-11-11 00:00:00+00:00,0.00320094,0.00260872
2020-11-12 00:00:00+00:00,0.00064075,-0.00409831
2020-11-13 00:00:00+00:00,0.00484782,0.00353592
2020-11-16 00:00:00+00:00,0.00559947,0.00004287
2020-11-17 00:00:00+00:00,0.00876415,0.00198278
2020-11-18 00:00:00+00:00,0.00140446,-0.00011141
2020-11-19 00:00:00+00:00,0.00263613,-0.00286636
2020-11-20 00:00:00+00:00,-0.00074649,0.00424144
2020-11-23 00:00:00+00:00,0.00356196,0.00344219
2020-11-24 00:00:00+00:00,-0.00717571,0.00355865
2020-11-25 00:00:00+00:00,-0.00151435,0.00347310
2020-11-27 00:00:00+00:00,0.00000132,0.00003099
2020-11-30 00:00:00+00:00,-0.00930213,-0.00248781
2020-12-01 00:00:00+00:00,0.01524680,0.00595910
2020-12-02 00:00:00+00:00,-0.00500685,-0.00026756
2020-12-03 00:00:00+00:00,0.00649498,-0.00388830
2020-12-04 00:00:00+00:00,-0.00049043,0.00396417
2020-12-07 00:00:00+00:00,0.00317250,-0.00248947
2020-12-08 00:00:00+00:00,-0.00519066,-0.00086720
2020-12-09 00:00:00+00:00,-0.00525161,-0.00345391
2020-12-10 00:00:00+00:00,-0.00269616,0.00723631
2020-12-11 00:00:00+00:00,0.00182997,0.00125647
2020-12-14 00:00:00+00:00,0.00597742,0.00223562
2020-12-15 00:00:00+00:00,0.01342244,0.00847399
2020-12-16 00:00:00+00:00,0.00417993,0.00290628
2020-12-17 00:00:00+00:00,0.01682135,0.00856201
2020-12-18 00:00:00+00:00,0.00761059,0.00558467
2020-12-21 00:00:00+00:00,0.01035064,-0.00245866
2020-12-22 00:00:00+00:00,-0.00216565,-0.00241115
2020-12-23 00:00:00+00:00,0.00434242,0.00017165
2020-12-24 00:00:00+00:00,0.00304483,0.00000503
2020-12-28 00:00:00+00:00,0.00374362,-0.00303920
2020-12-29 00:00:00+00:00,0.01425197,0.00857503
2020-12-30 00:00:00+00:00,0.00508494,0.00273672
2020-12-31 00:00:00+00:00,0.00358817,0.00663324
2021-01-04 00:00:00+00:00,-0.00559856,-0.00035465
2021-01-05 00:00:00+00:00,0.01463175,0.01373763
2021-01-06 00:00:00+00:00,0.00599312,0.00207333
2021-01-07 00:00:00+00:00,0.00622396,0.00457950
2021-01-08 00:00:00+00:00,-0.00508358,-0.00676305
2021-01-11 00:00:00+00:00,-0.00019984,-0.00120853
2021-01-12 00:00:00+00:00,0.01779620,0.00928040
2021-01-13 00:00:00+00:00,-0.00169541,0.00191310
2021-01-14 00:00:00+00:00,0.00736381,0.00153563
2021-01-15 00:00:00+00:00,-0.01373347,-0.00661645
2021-01-19 00:00:00+00:00,-0.00351438,-0.00229917
2021-01-20 00:00:00+00:00,0.00474826,0.00504648
2021-01-21 00:00:00+00:00,0.00295304,-0.00081940
2021-01-22 00:00:00+00:00,-0.02242394,-0.01139348
2021-01-25 00:00:00+00:00,0.01363381,0.01086159
2021-01-26 00:00:00+00:00,0.01011154,0.00539805
2021-01-27 00:00:00+00:00,-0.00724297,-0.00175880
2021-01-28 00:00:00+00:00,-0.00270336,-0.00324218
2021-01-29 00:00:00+00:00,0.00724704,-0.00244175
2021-02-01 00:00:00+00:00,0.02067306,0.02226814
2021-02-02 00:00:00+00:00,-0.01673720,-0.00643569
2021-02-03 00:00:00+00:00,0.00749380,0.00387688
2021-02-04 00:00:00+00:00,-0.00092560,0.00293457
2021-02-05 00:00:00+00:00,0.00394905,0.00366888
2021-02-08 00:00:00+00:00,0.01228613,0.01041982
2021-02-09 00:00:00+00:00,0.00344867,-0.00020956
2021-02-10 00:00:00+00:00,-0.02042514,-0.00252878
2021-02-11 00:00:00+00:00,0.00702478,-0.00015814
2021-02-12 00:00:00+00:00,0.00345108,0.00303128
2021-02-16 00:00:00+00:00,0.00733198,0.00810091
2021-02-17 00:00:00+00:00,0.00363164,0.00228344
2021-02-18 00:00:00+00:00,-0.01337201,-0.00477034
2021-02-19 00:00:00+00:00,0.00436866,-0.00368167
2021-02-22 00:00:00+00:00,0.00598281,0.00691729
2021-02-23 00:00:00+00:00,0.00483553,-0.00022504
2021-02-24 00:00:00+00:00,0.00756709,0.00743199
2021-02-25 00:00:00+00:00,-0.00712368,-0.01422819
2021-02-26 00:00:00+00:00,-0.01394715,-0.01150518
2021-03-01 00:00:00+00:00,-0.00503992,0.00417174
2021-03-02 00:00:00+00:00,0.01258029,0.00495880
2021-03-03 00:00:00+00:00,-0.00457503,-0.00830157
2021-03-04 00:00:00+00:00,-0.00803760,-0.00988427
2021-03-05 00:00:00+00:00,0.00338676,0.01020131
2021-03-08 00:00:00+00:00,0.00185542,-0.00488284
2021-03-09 00:00:00+00:00,0.00860204,0.00654631
2021-03-10 00:00:00+00:00,-0.01194895,0.00011026
2021-03-11 00:00:00+00:00,0.00053120,0.00761370
2021-03-12 00:00:00+00:00,-0.00216283,-0.00576140
2021-03-15 00:00:00+00:00,-0.00271042,0.00026884
2021-03-16 00:00:00+00:00,0.00359337,0.00055017
2021-03-17 00:00:00+00:00,-0.00483639,0.00073703
2021-03-18 00:00:00+00:00,-0.01599546,-0.01403826
2021-03-19 00:00:00+00:00,0.00788395,0.00665522
2021-03-22 00:00:00+00:00,-0.00411552,0.00153128
2021-03-23 00:00:00+00:00,-0.02874797,-0.01208739
2021-03-24 00:00:00+00:00,0.01502290,0.00454955
2021-03-25 00:00:00+00:00,-0.02484488,-0.00543473
2021-03-26 00:00:00+00:00,0.02590825,0.00806806
2021-03-29 00:00:00+00:00,-0.00170435,-0.00319639
2021-03-30 00:00:00+00:00,-0.01733943,-0.00791611
2021-03-31 00:00:00+00:00,0.00039035,0.00951720
2021-04-01 00:00:00+00:00,0.01615078,0.00662229
2021-04-05 00:00:00+00:00,0.00266897,-0.00230956
2021-04-06 00:00:00+00:00,0.00194330,0.00190537
2021-04-07 00:00:00+00:00,-0.00492050,0.00214164
2021-04-08 00:00:00+00:00,0.00242301,0.00597445
2021-04-09 00:00:00+00:00,-0.00569031,-0.00149776
2021-04-12 00:00:00+00:00,-0.00303058,-0.00324033
2021-04-13 00:00:00+00:00,0.00090582,0.00705968
2021-04-14 00:00:00+00:00,0.02687931,0.00668514
2021-04-15 00:00:00+00:00,0.00620454,0.00892168
2021-04-16 00:00:00+00:00,-0.00474340,0.00008245
2021-04-19 00:00:00+00:00,0.01226923,0.00621010
2021-04-20 00:00:00+00:00,0.00089782,0.00011701
2021-04-21 00:00:00+00:00,0.01330295,0.00742338
2021-04-22 00:00:00+00:00,0.01399992,0.00279136
2021-04-23 00:00:00+00:00,0.01208557,0.00407731
2021-04-26 00:00:00+00:00,0.02290964,0.00862070
2021-04-27 00:00:00+00:00,0.04047770,0.00828592
2021-04-28 00:00:00+00:00,-0.01913848,-0.00228347
2021-04-29 00:00:00+00:00,0.00949490,0.00170490
2021-04-30 00:00:00+00:00,0.01291657,0.00212934
2021-05-03 00:00:00+00:00,0.00357717,0.00695024
2021-05-04 00:00:00+00:00,0.00943034,0.00000289
2021-05-05 00:00:00+00:00,0.00339212,0.00079265
2021-05-06 00:00:00+00:00,0.00573063,0.00824914
2021-05-07 00:00:00+00:00,0.01935375,0.00777849
2021-05-10 00:00:00+00:00,-0.01343026,-0.00647522
2021-05-11 00:00:00+00:00,0.01204018,0.00194399
2021-05-12 00:00:00+00:00,0.00353461,-0.00626689
2021-05-13 00:00:00+00:00,-0.03243563,-0.00687095
2021-05-14 00:00:00+00:00,-0.01630120,0.00249479
2021-05-17 00:00:00+00:00,-0.00880117,0.00430626
2021-05-18 00:00:00+00:00,0.00023396,-0.00462351
2021-05-19 00:00:00+00:00,-0.01897241,-0.00923317
2021-05-20 00:00:00+00:00,-0.00667057,0.00148398
2021-05-21 00:00:00+00:00,-0.00211008,-0.00293446
2021-05-24 00:00:00+00:00,0.01299619,0.00720611
2021-05-25 00:00:00+00:00,-0.02222894,-0.00298950
2021-05-26 00:00:00+00:00,0.00402028,0.00279657
2021-05-27 00:00:00+00:00,0.03645517,0.00815705
2021-05-28 00:00:00+00:00,-0.00591782,0.00030221
2021-06-01 00:00:00+00:00,0.02145927,0.00882613
2021-06-02 00:00:00+00:00,-0.00751366,-0.00017994
2021-06-03 00:00:00+00:00,-0.01473732,-0.01028742
2021-06-04 00:00:00+00:00,0.01536955,0.01197321
2021-06-07 00:00:00+00:00,-0.00293329,-0.00120637
2021-06-08 00:00:00+00:00,0.00427892,0.00354325
2021-06-09 00:00:00+00:00,0.00072810,0.00080025
2021-06-10 00:00:00+00:00,0.00038141,0.00179087
2021-06-11 00:00:00+00:00,0.00085439,0.00160091
2021-06-14 00:00:00+00:00,-0.01103990,-0.00428829
2021-06-15 00:00:00+00:00,-0.00655782,-0.00609187
2021-06-16 00:00:00+00:00,0.01178983,-0.00120609
2021-06-17 00:00:00+00:00,-0.02907085,-0.01771615
2021-06-18 00:00:00+00:00,0.01125295,-0.00030827
2021-06-21 00:00:00+00:00,0.01158598,0.00508965
2021-06-22 00:00:00+00:00,0.00563466,0.00070894
2021-06-23 00:00:00+00:00,0.00983235,0.00332884
2021-06-24 00:00:00+00:00,0.00211626,0.00124067
2021-06-25 00:00:00+00:00,0.00302604,-0.00161184
2021-06-28 00:00:00+00:00,0.02288927,0.00919659
2021-06-29 00:00:00+00:00,0.01129967,0.00162256
2021-06-30 00:00:00+00:00,0.01574331,0.01149402
2021-07-01 00:00:00+00:00,0.01351064,0.00069717
2021-07-02 00:00:00+00:00,-0.01119783,0.00332971
2021-07-06 00:00:00+00:00,-0.03826504,-0.01252471
2021-07-07 00:00:00+00:00,-0.01337289,0.00177123
2021-07-08 00:00:00+00:00,0.00018951,-0.00132434
2021-07-09 00:00:00+00:00,0.00592299,0.00514545
2021-07-12 00:00:00+00:00,0.02615764,0.00755211
2021-07-13 00:00:00+00:00,0.00921730,-0.00041207
2021-07-14 00:00:00+00:00,-0.01307651,0.00102531
2021-07-15 00:00:00+00:00,-0.07574229,-0.01524260
2021-07-16 00:00:00+00:00,0.00021175,-0.00354797
2021-07-19 00:00:00+00:00,-0.02674807,-0.01094297
2021-07-20 00:00:00+00:00,0.02240749,0.01005674
2021-07-21 00:00:00+00:00,0.02769450,0.00601697
2021-07-22 00:00:00+00:00,0.00791318,0.00315519
2021-07-23 00:00:00+00:00,-0.00218106,0.00039942
2021-07-26 00:00:00+00:00,0.00341690,0.00527055
2021-07-27 00:00:00+00:00,-0.01419264,-0.00581962
2021-07-28 00:00:00+00:00,0.01201573,0.00213966
2021-07-29 00:00:00+00:00,0.01246570,0.00846264
2021-07-30 00:00:00+00:00,-0.01692904,-0.00776802
2021-08-02 00:00:00+00:00,-0.01024660,-0.00021913
2021-08-03 00:00:00+00:00,-0.00048899,-0.00097163
2021-08-04 00:00:00+00:00,-0.00457160,-0.00242966
2021-08-05 00:00:00+00:00,0.01133519,0.00256625
2021-08-06 00:00:00+00:00,-0.00148376,-0.00583068
2021-08-09 00:00:00+00:00,-0.01752663,-0.00674740
2021-08-10 00:00:00+00:00,0.01430719,0.00122381
2021-08-11 00:00:00+00:00,0.00658447,0.00094361
2021-08-12 00:00:00+00:00,-0.00482582,-0.00107911
2021-08-13 00:00:00+00:00,-0.01257168,0.00382550
2021-08-16 00:00:00+00:00,-0.00362669,-0.00215619
2021-08-17 00:00:00+00:00,-0.01744299,-0.00835190
2021-08-18 00:00:00+00:00,0.00082019,-0.00651813
2021-08-19 00:00:00+00:00,-0.01924092,-0.00677430
2021-08-20 00:00:00+00:00,-0.01065507,-0.00086950
2021-08-23 00:00:00+00:00,0.02157998,0.01187751
2021-08-24 00:00:00+00:00,0.01038372,0.00511167
2021-08-25 00:00:00+00:00,0.01305449,0.00178886
2021-08-26 00:00:00+00:00,0.02531383,0.00382481
2021-08-27 00:00:00+00:00,0.01727922,0.01039214
2021-08-30 00:00:00+00:00,-0.01179530,-0.00314015
2021-08-31 00:00:00+00:00,0.00052227,-0.00097213
2021-09-01 00:00:00+00:00,0.01028495,-0.00059016
2021-09-02 00:00:00+00:00,0.01188029,0.00218274
2021-09-03 00:00:00+00:00,-0.01034076,0.00360834
2021-09-07 00:00:00+00:00,-0.01105320,-0.01125774
2021-09-08 00:00:00+00:00,0.03657323,0.00529045
2021-09-09 00:00:00+00:00,-0.00270529,0.00076059
2021-09-10 00:00:00+00:00,0.01037649,0.00175128
2021-09-13 00:00:00+00:00,0.02245740,0.00366446
2021-09-14 00:00:00+00:00,-0.00086653,0.00113443
2021-09-15 00:00:00+00:00,0.04568640,0.01311552
2021-09-16 00:00:00+00:00,-0.00302152,-0.01001137
2021-09-17 00:00:00+00:00,-0.01190897,-0.00848099
2021-09-20 00:00:00+00:00,-0.03125084,-0.01322647
2021-09-21 00:00:00+00:00,-0.01431137,-0.00037681
2021-09-22 00:00:00+00:00,0.02171799,0.00776315
2021-09-23 00:00:00+00:00,0.02525768,0.00365671
2021-09-24 00:00:00+00:00,0.02362870,0.00260579
2021-09-27 00:00:00+00:00,0.03924065,0.01204025
2021-09-28 00:00:00+00:00,0.01099169,-0.00814058
2021-09-29 00:00:00+00:00,-0.01431827,-0.00857399
2021-09-30 00:00:00+00:00,0.00176598,0.00303904
2021-10-01 00:00:00+00:00,-0.00372421,0.00262859
2021-10-04 00:00:00+00:00,0.01914010,0.00101365
2021-10-05 00:00:00+00:00,0.03456395,0.00969068
2021-10-06 00:00:00+00:00,-0.04598848,-0.00833420
2021-10-07 00:00:00+00:00,0.01613297,0.00434534
2021-10-08 00:00:00+00:00,0.00223773,-0.00126888
2021-10-11 00:00:00+00:00,0.00186341,-0.00301518
2021-10-12 00:00:00+00:00,0.00280763,-0.00217714
2021-10-13 00:00:00+00:00,0.01138009,0.00558212
2021-10-14 00:00:00+00:00,0.00863704,0.01328827
2021-10-15 00:00:00+00:00,0.00867214,0.00074301
2021-10-18 00:00:00+00:00,-0.01679415,-0.00463731
2021-10-19 00:00:00+00:00,0.00480380,0.00488590
2021-10-20 00:00:00+00:00,0.00949704,0.00631208
2021-10-21 00:00:00+00:00,-0.02263219,-0.00626800
2021-10-22 00:00:00+00:00,0.00225217,0.00450775
2021-10-25 00:00:00+00:00,0.02436309,0.01260510
2021-10-26 00:00:00+00:00,0.00076076,0.00083870
2021-10-27 00:00:00+00:00,-0.00941787,0.00243876
2021-10-28 00:00:00+00:00,-0.00963958,-0.00234166
2021-10-29 00:00:00+00:00,-0.01344042,-0.00470737
2021-11-01 00:00:00+00:00,-0.00733564,0.00025585
2021-11-02 00:00:00+00:00,0.01302803,0.00551164
2021-11-03 00:00:00+00:00,-0.00130250,-0.00650870
2021-11-04 00:00:00+00:00,-0.01982938,0.00236204
2021-11-05 00:00:00+00:00,-0.00582878,0.00205223
2021-11-08 00:00:00+00:00,0.00159697,0.00030453
2021-11-09 00:00:00+00:00,-0.01683993,-0.00258108
2021-11-10 00:00:00+00:00,-0.01957490,-0.00604530
2021-11-11 00:00:00+00:00,0.01451000,0.00875540
2021-11-12 00:00:00+00:00,-0.01553070,-0.00063839
2021-11-15 00:00:00+00:00,0.01260336,0.00268497
2021-11-16 00:00:00+00:00,0.00456980,0.00007114
2021-11-17 00:00:00+00:00,-0.02894306,-0.00570978
2021-11-18 00:00:00+00:00,0.00555580,0.00178285
2021-11-19 00:00:00+00:00,-0.01191304,0.00068306
2021-11-22 00:00:00+00:00,0.00038090,-0.00832731
2021-11-23 00:00:00+00:00,0.02242122,0.00149807
2021-11-24 00:00:00+00:00,0.00335949,0.00225093
2021-11-26 00:00:00+00:00,-0.04689260,-0.00959398
2021-11-29 00:00:00+00:00,-0.01558644,-0.00646099
2021-11-30 00:00:00+00:00,-0.04895293,-0.01631175
2021-12-01 00:00:00+00:00,-0.01732982,-0.00939200
2021-12-02 00:00:00+00:00,0.00020080,0.00177907
2021-12-03 00:00:00+00:00,0.00219952,0.00422233
2021-12-06 00:00:00+00:00,-0.00120821,-0.00395360
2021-12-07 00:00:00+00:00,0.02368123,0.00908680
2021-12-08 00:00:00+00:00,0.00919557,0.00372488
2021-12-09 00:00:00+00:00,-0.00765639,-0.00503741
2021-12-10 00:00:00+00:00,0.01110922,0.00550127
2021-12-13 00:00:00+00:00,-0.01537510,-0.00606167
2021-12-14 00:00:00+00:00,-0.00266257,-0.00435279
2021-12-15 00:00:00+00:00,0.00514558,0.00142490
2021-12-16 00:00:00+00:00,0.00180794,0.00776224
2021-12-17 00:00:00+00:00,-0.01275783,-0.00365291
2021-12-20 00:00:00+00:00,-0.00532563,-0.00485953
2021-12-21 00:00:00+00:00,0.02801949,0.01036673
2021-12-22 00:00:00+00:00,0.01980270,0.00985067
2021-12-23 00:00:00+00:00,-0.00405687,-0.00127391
2021-12-27 00:00:00+00:00,0.03387618,0.01610238
2021-12-28 00:00:00+00:00,-0.00504159,-0.00153228
2021-12-29 00:00:00+00:00,0.00716206,-0.00199176
2021-12-30 00:00:00+00:00,-0.03183422,-0.01089361
2021-12-31 00:00:00+00:00,-0.00313772,0.00391396
2022-01-03 00:00:00+00:00,0.01884496,-0.00148659
2022-01-04 00:00:00+00:00,0.01390123,0.00475729
2022-01-05 00:00:00+00:00,0.01195673,-0.00193642
2022-01-06 00:00:00+00:00,0.01188621,-0.00677308
2022-01-07 00:00:00+00:00,0.00778715,0.00276542
2022-01-10 00:00:00+00:00,0.00040181,-0.00020873
2022-01-11 00:00:00+00:00,0.02107632,0.01255552
2022-01-12 00:00:00+00:00,0.03613678,0.01650467
2022-01-13 00:00:00+00:00,-0.03814022,-0.01640215
2022-01-14 00:00:00+00:00,-0.00228852,-0.00029694
2022-01-18 00:00:00+00:00,0.00792283,-0.00289403
2022-01-19 00:00:00+00:00,0.00298436,0.00109967
2022-01-20 00:00:00+00:00,0.00286856,-0.00302985
2022-01-21 00:00:00+00:00,-0.01095642,-0.00233800
2022-01-24 00:00:00+00:00,-0.01900424,-0.00150833
2022-01-25 00:00:00+00:00,0.01629205,0.00147141
2022-01-26 00:00:00+00:00,0.02758390,0.00720569
2022-01-27 00:00:00+00:00,0.06673761,0.02743343
2022-01-28 00:00:00+00:00,-0.05473954,-0.01476652
2022-01-31 00:00:00+00:00,0.01513469,0.01075355
2022-02-01 00:00:00+00:00,0.00869591,0.00544122
2022-02-02 00:00:00+00:00,0.03022197,0.01578102
2022-02-03 00:00:00+00:00,-0.00738014,-0.01654336
2022-02-04 00:00:00+00:00,0.00579949,-0.00183004
2022-02-07 00:00:00+00:00,-0.02234052,-0.00172616
2022-02-08 00:00:00+00:00,-0.00458301,-0.00004443
2022-02-09 00:00:00+00:00,0.00548871,0.00547047
2022-02-10 00:00:00+00:00,0.01251454,-0.00740131
2022-02-11 00:00:00+00:00,-0.00994437,-0.00174242
2022-02-14 00:00:00+00:00,0.02130788,0.00813448
2022-02-15 00:00:00+00:00,-0.01889549,-0.00204229
2022-02-16 00:00:00+00:00,0.02334312,0.01244040
2022-02-17 00:00:00+00:00,-0.01467894,-0.00789578
2022-02-18 00:00:00+00:00,-0.00662908,0.00032053
2022-02-22 00:00:00+00:00,0.02332781,0.00444705
2022-02-23 00:00:00+00:00,0.01112739,-0.00033211
2022-02-24 00:00:00+00:00,0.00814365,0.00580993
2022-02-25 00:00:00+00:00,-0.03058537,-0.00875886
2022-02-28 00:00:00+00:00,0.03360490,0.01271154
2022-03-01 00:00:00+00:00,0.04901242,0.02349603
2022-03-02 00:00:00+00:00,0.04016411,0.00776579
2022-03-03 00:00:00+00:00,-0.00263035,-0.00016690
2022-03-04 00:00:00+00:00,0.02422975,0.01647949
2022-03-07 00:00:00+00:00,0.00323470,-0.01073448
2022-03-08 00:00:00+00:00,0.01335538,0.00140867
2022-03-09 00:00:00+00:00,-0.04539012,-0.01472343
2022-03-10 00:00:00+00:00,0.01341727,0.00367687
2022-03-11 00:00:00+00:00,0.01776375,-0.00025503
2022-03-14 00:00:00+00:00,-0.03393186,-0.01872560
2022-03-15 00:00:00+00:00,0.00131649,-0.00135946
2022-03-16 00:00:00+00:00,-0.01756176,0.00322047
2022-03-17 00:00:00+00:00,0.04761591,0.02243109
2022-03-18 00:00:00+00:00,-0.00696643,-0.00295924
2022-03-21 00:00:00+00:00,0.04226745,0.00827645
2022-03-22 00:00:00+00:00,0.00767410,0.00447058
2022-03-23 00:00:00+00:00,0.01104024,0.00559567
2022-03-24 00:00:00+00:00,-0.01158944,0.00503253
2022-03-25 00:00:00+00:00,0.02299059,0.00053980
2022-03-28 00:00:00+00:00,-0.02680479,-0.00789708
2022-03-29 00:00:00+00:00,-0.02787833,-0.00508568
2022-03-30 00:00:00+00:00,0.02350675,0.01027453
2022-03-31 00:00:00+00:00,-0.01478841,-0.00777150
2022-04-01 00:00:00+00:00,-0.00290216,-0.00719543
2022-04-04 00:00:00+00:00,0.02499320,0.00922303
2022-04-05 00:00:00+00:00,0.01680442,-0.00027982
2022-04-06 00:00:00+00:00,-0.01930227,-0.00998627
2022-04-07 00:00:00+00:00,0.00616479,0.00634068
2022-04-08 00:00:00+00:00,0.01629788,0.00283459
2022-04-11 00:00:00+00:00,-0.00740124,-0.00628405
2022-04-12 00:00:00+00:00,0.02289781,0.01243982
2022-04-13 00:00:00+00:00,0.02018396,0.01250219
2022-04-14 00:00:00+00:00,0.02386875,0.00083209
2022-04-18 00:00:00+00:00,0.03241693,0.01126891
2022-04-19 00:00:00+00:00,-0.02862848,-0.01226585
2022-04-20 00:00:00+00:00,0.00047353,-0.00097652
2022-04-21 00:00:00+00:00,-0.00248679,-0.00759766
2022-04-22 00:00:00+00:00,-0.01886156,-0.01696530
2022-04-25 00:00:00+00:00,-0.00759290,-0.00112430
2022-04-26 00:00:00+00:00,0.01129134,-0.00313178
2022-04-27 00:00:00+00:00,0.02021956,0.00629038
2022-04-28 00:00:00+00:00,0.00559543,0.00097196
2022-04-29 00:00:00+00:00,0.00890760,-0.00494727
2022-05-02 00:00:00+00:00,0.00828612,-0.00495186
2022-05-03 00:00:00+00:00,-0.00917377,0.00307017
2022-05-04 00:00:00+00:00,0.01718262,0.01689318
2022-05-05 00:00:00+00:00,0.02056968,-0.00740600
2022-05-06 00:00:00+00:00,-0.01354146,-0.01034137
2022-05-09 00:00:00+00:00,-0.04406934,-0.02705774
2022-05-10 00:00:00+00:00,-0.00590816,0.00172369
2022-05-11 00:00:00+00:00,0.03007155,0.00844037
2022-05-12 00:00:00+00:00,0.00509561,-0.00205652
2022-05-13 00:00:00+00:00,0.00395721,0.00898977
2022-05-16 00:00:00+00:00,0.02194071,0.00649707
2022-05-17 00:00:00+00:00,-0.00500151,0.00694141
2022-05-18 00:00:00+00:00,-0.02035104,-0.01388308
2022-05-19 00:00:00+00:00,-0.00421837,0.00605179
2022-05-20 00:00:00+00:00,-0.00868772,-0.00032188
2022-05-23 00:00:00+00:00,0.01293581,0.00788013
2022-05-24 00:00:00+00:00,-0.01923344,0.00009260
2022-05-25 00:00:00+00:00,0.00982782,0.00162860
2022-05-26 00:00:00+00:00,0.00508372,0.00798627
2022-05-27 00:00:00+00:00,0.00283639,0.00802585
2022-05-31 00:00:00+00:00,-0.01783502,-0.01437841
2022-06-01 00:00:00+00:00,-0.00760829,0.00239294
2022-06-02 00:00:00+00:00,-0.01791857,0.01193614
2022-06-03 00:00:00+00:00,0.01300434,-0.00815491
2022-06-06 00:00:00+00:00,0.03228503,0.00694012
2022-06-07 00:00:00+00:00,0.00541098,0.00762899
2022-06-08 00:00:00+00:00,0.00653649,-0.00463197
2022-06-09 00:00:00+00:00,0.01583710,-0.00376430
2022-06-10 00:00:00+00:00,0.00577947,-0.01188927
2022-06-13 00:00:00+00:00,0.01740273,-0.02167181
2022-06-14 00:00:00+00:00,-0.01742528,-0.01948509
2022-06-15 00:00:00+00:00,-0.00915963,0.00778504
2022-06-16 00:00:00+00:00,0.00936463,0.00007494
2022-06-17 00:00:00+00:00,-0.03227661,-0.01390331
2022-06-21 00:00:00+00:00,-0.01254002,0.00318412
2022-06-22 00:00:00+00:00,-0.02167132,-0.00471247
2022-06-23 00:00:00+00:00,-0.04118910,-0.01488935
2022-06-24 00:00:00+00:00,0.01121838,0.00996946
2022-06-27 00:00:00+00:00,0.02224883,0.00348516
2022-06-28 00:00:00+00:00,0.02983513,-0.00135632
2022-06-29 00:00:00+00:00,-0.00823999,0.00093185
2022-06-30 00:00:00+00:00,-0.03064441,-0.02152489
2022-07-01 00:00:00+00:00,0.00133500,0.00333558
2022-07-05 00:00:00+00:00,-0.04992703,-0.01845704
2022-07-06 00:00:00+00:00,0.00241528,-0.00185514
2022-07-07 00:00:00+00:00,0.03496644,0.02116480
2022-07-08 00:00:00+00:00,0.01998388,0.00095793
2022-07-11 00:00:00+00:00,0.00884115,0.00119414
2022-07-12 00:00:00+00:00,-0.04336406,-0.02155438
2022-07-13 00:00:00+00:00,0.00399069,0.00928903
2022-07-14 00:00:00+00:00,0.01983451,-0.01415159
2022-07-15 00:00:00+00:00,-0.04986682,-0.00373560
2022-07-18 00:00:00+00:00,0.03706933,0.01335226
2022-07-19 00:00:00+00:00,-0.01329598,-0.00041410
2022-07-20 00:00:00+00:00,-0.00125503,0.00626859
2022-07-21 00:00:00+00:00,-0.03699114,-0.00424112
2022-07-22 00:00:00+00:00,-0.00610065,0.00255625
2022-07-25 00:00:00+00:00,0.03646648,0.00760364
2022-07-26 00:00:00+00:00,0.01232895,0.00540937
2022-07-27 00:00:00+00:00,-0.00831113,0.00952765
2022-07-28 00:00:00+00:00,-0.03795179,0.00988092
2022-07-29 00:00:00+00:00,-0.01169394,0.01227672
2022-08-01 00:00:00+00:00,-0.02213056,-0.00518615
2022-08-02 00:00:00+00:00,-0.01514356,-0.01345581
2022-08-03 00:00:00+00:00,0.00068312,0.00338464
2022-08-04 00:00:00+00:00,-0.00845099,0.00482269
2022-08-05 00:00:00+00:00,0.00729302,-0.00267143
2022-08-08 00:00:00+00:00,-0.00351882,-0.00145017
2022-08-09 00:00:00+00:00,-0.00195690,0.00836702
2022-08-10 00:00:00+00:00,-0.00104054,0.01285039
2022-08-11 00:00:00+00:00,0.03724276,0.00650918
2022-08-12 00:00:00+00:00,-0.00948313,0.00173376
2022-08-15 00:00:00+00:00,-0.01841199,-0.01171698
2022-08-16 00:00:00+00:00,-0.00768622,-0.00228252
2022-08-17 00:00:00+00:00,0.01676952,-0.00341901
2022-08-18 00:00:00+00:00,0.01358987,0.00257678
2022-08-19 00:00:00+00:00,0.01508293,-0.00303705
2022-08-22 00:00:00+00:00,0.01712357,-0.00236762
2022-08-23 00:00:00+00:00,0.01797711,0.00528458
2022-08-24 00:00:00+00:00,0.01958716,0.00066610
2022-08-25 00:00:00+00:00,-0.02387358,0.00387404
2022-08-26 00:00:00+00:00,0.01307328,-0.00705275
2022-08-29 00:00:00+00:00,0.03745342,-0.00342798
2022-08-30 00:00:00+00:00,-0.01732176,-0.01463562
2022-08-31 00:00:00+00:00,-0.00060270,-0.00663633
2022-09-01 00:00:00+00:00,0.00102250,-0.01046220
2022-09-02 00:00:00+00:00,-0.01026021,-0.00022600
2022-09-06 00:00:00+00:00,-0.00359412,-0.00811064
2022-09-07 00:00:00+00:00,-0.03568025,-0.00217099
2022-09-08 00:00:00+00:00,-0.00179333,0.00568310
2022-09-09 00:00:00+00:00,0.02474807,0.01355773
2022-09-12 00:00:00+00:00,0.00458058,0.01576326
2022-09-13 00:00:00+00:00,0.00651757,-0.01643695
2022-09-14 00:00:00+00:00,0.02750671,0.00752607
2022-09-15 00:00:00+00:00,-0.04435197,-0.02228280
2022-09-16 00:00:00+00:00,-0.01339608,-0.00577008
2022-09-19 00:00:00+00:00,0.00023977,0.00373762
2022-09-20 00:00:00+00:00,0.01052766,-0.00377242
2022-09-21 00:00:00+00:00,-0.00194891,-0.00571467
2022-09-22 00:00:00+00:00,-0.00203979,-0.01018048
2022-09-23 00:00:00+00:00,-0.02317255,-0.02059233
2022-09-26 00:00:00+00:00,0.00132237,-0.01203118
2022-09-27 00:00:00+00:00,0.00712764,-0.00318711
2022-09-28 00:00:00+00:00,0.00311595,0.02018035
2022-09-29 00:00:00+00:00,-0.00015216,-0.00614599
2022-09-30 00:00:00+00:00,0.00159315,-0.00692875
2022-10-03 00:00:00+00:00,-0.00324413,0.01707347
2022-10-04 00:00:00+00:00,0.01159535,0.01984787
2022-10-05 00:00:00+00:00,0.01495198,-0.00325100
2022-10-06 00:00:00+00:00,0.00586420,-0.00452395
2022-10-07 00:00:00+00:00,0.03063935,-0.00850842
2022-10-10 00:00:00+00:00,0.00039320,-0.00872839
2022-10-11 00:00:00+00:00,-0.00622508,-0.00056754
2022-10-12 00:00:00+00:00,-0.01202664,-0.00541546
2022-10-13 00:00:00+00:00,0.01559771,0.01107894
2022-10-14 00:00:00+00:00,-0.01552246,-0.01907480
2022-10-17 00:00:00+00:00,-0.02188517,0.00338043
2022-10-18 00:00:00+00:00,-0.01150747,-0.00580733
2022-10-19 00:00:00+00:00,0.00138161,-0.00776950
2022-10-20 00:00:00+00:00,0.00627308,0.00117707
2022-10-21 00:00:00+00:00,-0.01654075,0.00325189
2022-10-24 00:00:00+00:00,0.00435325,0.00339541
2022-10-25 00:00:00+00:00,0.00978204,0.01373034
2022-10-26 00:00:00+00:00,-0.01600906,0.00628522
2022-10-27 00:00:00+00:00,-0.01401057,-0.00532996
2022-10-28 00:00:00+00:00,0.02693001,0.00558318
2022-10-31 00:00:00+00:00,0.04249660,0.00599228
2022-11-01 00:00:00+00:00,-0.01288489,-0.00010595
2022-11-02 00:00:00+00:00,0.02079894,0.00170779
2022-11-03 00:00:00+00:00,-0.00717774,-0.01316489
2022-11-04 00:00:00+00:00,0.00128556,0.02690023
2022-11-07 00:00:00+00:00,0.01581188,0.00496655
2022-11-08 00:00:00+00:00,-0.03730751,-0.00332047
2022-11-09 00:00:00+00:00,-0.00136892,-0.01055896
2022-11-10 00:00:00+00:00,-0.04340319,0.02510064
2022-11-11 00:00:00+00:00,-0.01323799,0.00530020
2022-11-14 00:00:00+00:00,0.00637369,-0.00490655
2022-11-15 00:00:00+00:00,0.00412062,0.00475107
2022-11-16 00:00:00+00:00,-0.00679665,-0.00063946
2022-11-17 00:00:00+00:00,0.00594085,-0.00690551
2022-11-18 00:00:00+00:00,0.00211516,-0.00305960
2022-11-21 00:00:00+00:00,0.01260560,-0.00053910
2022-11-22 00:00:00+00:00,-0.01519451,0.00615142
2022-11-23 00:00:00+00:00,0.01099909,0.00803857
2022-11-25 00:00:00+00:00,-0.00151765,-0.00341927
2022-11-28 00:00:00+00:00,0.00762202,-0.00575358
2022-11-29 00:00:00+00:00,0.01629053,0.00531361
2022-11-30 00:00:00+00:00,-0.02590356,0.01073024
2022-12-01 00:00:00+00:00,-0.03371421,0.00619927
2022-12-02 00:00:00+00:00,-0.01779437,-0.00601178
2022-12-05 00:00:00+00:00,-0.00994203,-0.02273619
2022-12-06 00:00:00+00:00,0.00212398,-0.00543204
2022-12-07 00:00:00+00:00,0.00980504,0.00726808
2022-12-08 00:00:00+00:00,0.01247093,0.00632924
2022-12-09 00:00:00+00:00,0.01645841,0.00248303
2022-12-12 00:00:00+00:00,0.00075761,0.00559630
2022-12-13 00:00:00+00:00,0.00520594,0.01562391
2022-12-14 00:00:00+00:00,-0.01041577,-0.00468227
2022-12-15 00:00:00+00:00,0.01203065,-0.00569445
2022-12-16 00:00:00+00:00,-0.00415736,-0.00618547
2022-12-19 00:00:00+00:00,-0.01633614,-0.01253449
2022-12-20 00:00:00+00:00,0.01574811,-0.00076945
2022-12-21 00:00:00+00:00,-0.00735097,0.00711321
2022-12-22 00:00:00+00:00,-0.01461534,-0.01434087
2022-12-23 00:00:00+00:00,0.01365366,0.00655717
2022-12-27 00:00:00+00:00,0.02350959,0.00328988
2022-12-28 00:00:00+00:00,-0.00885986,-0.01134884
2022-12-29 00:00:00+00:00,-0.01000801,0.00282076
2022-12-30 00:00:00+00:00,-0.00209746,-0.00091679
2023-01-03 00:00:00+00:00,-0.02365944,-0.01351565
2023-01-04 00:00:00+00:00,-0.00786838,-0.00115261
2023-01-05 00:00:00+00:00,-0.02299078,-0.01221828
2023-01-06 00:00:00+00:00,0.00050079,0.01469238
2023-01-09 00:00:00+00:00,0.00537736,0.00860459
2023-01-10 00:00:00+00:00,-0.01264215,-0.00442809
2023-01-11 00:00:00+00:00,-0.01122716,0.00845172
2023-01-12 00:00:00+00:00,0.00672174,0.01011335
2023-01-13 00:00:00+00:00,-0.00339028,-0.00084858
2023-01-17 00:00:00+00:00,0.00473510,0.00293371
2023-01-18 00:00:00+00:00,-0.00483336,-0.00985062
2023-01-19 00:00:00+00:00,0.00607303,-0.00280834
2023-01-20 00:00:00+00:00,-0.00012225,0.00160470
2023-01-23 00:00:00+00:00,-0.01940820,0.00718104
2023-01-24 00:00:00+00:00,0.00788035,-0.00276169
2023-01-25 00:00:00+00:00,0.00971448,-0.00334174
2023-01-26 00:00:00+00:00,0.00426437,0.00221189
2023-01-27 00:00:00+00:00,-0.00934263,0.00290571
2023-01-30 00:00:00+00:00,0.02469612,-0.01713465
2023-01-31 00:00:00+00:00,-0.00516596,0.00538971
2023-02-01 00:00:00+00:00,-0.00573416,-0.00709067
2023-02-02 00:00:00+00:00,-0.01358470,0.00223795
2023-02-03 00:00:00+00:00,0.00323221,-0.01528570
2023-02-06 00:00:00+00:00,0.00524783,-0.00181844
2023-02-07 00:00:00+00:00,-0.01058972,0.00989846
2023-02-08 00:00:00+00:00,0.01713546,-0.00601436
2023-02-09 00:00:00+00:00,-0.00298749,-0.00326333
2023-02-10 00:00:00+00:00,0.01023897,0.00385792
2023-02-13 00:00:00+00:00,-0.00280520,0.00076032
2023-02-14 00:00:00+00:00,-0.00858007,0.00353547
2023-02-15 00:00:00+00:00,-0.00438286,-0.00734950
2023-02-16 00:00:00+00:00,0.00846042,-0.00380937
2023-02-17 00:00:00+00:00,0.01106343,-0.00677915
2023-02-21 00:00:00+00:00,0.02250072,-0.01012248
2023-02-22 00:00:00+00:00,-0.00568470,-0.00090632
2023-02-23 00:00:00+00:00,-0.02485437,0.00223779
2023-02-24 00:00:00+00:00,-0.01082144,-0.00477223
2023-02-27 00:00:00+00:00,-0.01580027,0.00908396
2023-02-28 00:00:00+00:00,-0.01387038,0.00126302
2023-03-01 00:00:00+00:00,0.01063981,0.00384092
2023-03-02 00:00:00+00:00,0.00603534,-0.00192469
2023-03-03 00:00:00+00:00,-0.01385474,0.01679007
2023-03-06 00:00:00+00:00,0.01590481,-0.01002205
2023-03-07 00:00:00+00:00,-0.00977452,-0.01082492
2023-03-08 00:00:00+00:00,0.00341874,-0.00448160
2023-03-09 00:00:00+00:00,-0.00549458,-0.00546684
2023-03-10 00:00:00+00:00,-0.00723890,0.00010706
2023-03-13 00:00:00+00:00,-0.00462334,0.01583950
2023-03-14 00:00:00+00:00,0.02048996,-0.00309445
2023-03-15 00:00:00+00:00,0.01124770,-0.00985148
2023-03-16 00:00:00+00:00,0.00146501,0.00626527
2023-03-17 00:00:00+00:00,0.01022624,-0.00057176
2023-03-20 00:00:00+00:00,0.00098509,0.00111833
2023-03-21 00:00:00+00:00,-0.02849461,0.00444549
2023-03-22 00:00:00+00:00,-0.00551050,-0.00526922
2023-03-23 00:00:00+00:00,0.00244639,0.00426997
2023-03-24 00:00:00+00:00,0.01313661,0.00456501
2023-03-27 00:00:00+00:00,-0.01288147,-0.00215778
2023-03-28 00:00:00+00:00,0.00320524,0.00161622
2023-03-29 00:00:00+00:00,0.00480548,0.00204079
2023-03-30 00:00:00+00:00,-0.01540666,0.00852468
2023-03-31 00:00:00+00:00,-0.01351607,0.01306326
2023-04-03 00:00:00+00:00,-0.00243462,0.00310215
2023-04-04 00:00:00+00:00,0.01353578,0.00384634
2023-04-05 00:00:00+00:00,-0.00347887,0.00129974
2023-04-06 00:00:00+00:00,0.00456880,-0.00594331
2023-04-10 00:00:00+00:00,-0.00834837,0.00221054
2023-04-11 00:00:00+00:00,-0.01242150,0.00401150
2023-04-12 00:00:00+00:00,-0.00654747,0.00072060
2023-04-13 00:00:00+00:00,0.01099033,0.00145975
2023-04-14 00:00:00+00:00,-0.01528724,0.00087984
2023-04-17 00:00:00+00:00,-0.00108251,0.00451508
2023-04-18 00:00:00+00:00,-0.00708810,0.00411349
2023-04-19 00:00:00+00:00,0.01393126,-0.00881204
2023-04-20 00:00:00+00:00,0.01393524,-0.00326724
2023-04-21 00:00:00+00:00,-0.00842707,-0.00375386
2023-04-24 00:00:00+00:00,0.01074244,0.00145427
2023-04-25 00:00:00+00:00,0.00211093,-0.00667510
2023-04-26 00:00:00+00:00,0.01876293,-0.01147836
2023-04-27 00:00:00+00:00,0.00845757,0.01057742
2023-04-28 00:00:00+00:00,-0.01538322,0.00909882
2023-05-01 00:00:00+00:00,0.00272831,-0.00454122
2023-05-02 00:00:00+00:00,0.02547452,-0.00760339
2023-05-03 00:00:00+00:00,0.00663783,-0.00408685
2023-05-04 00:00:00+00:00,0.00674211,-0.00011458
2023-05-05 00:00:00+00:00,-0.02093151,0.00730789
2023-05-08 00:00:00+00:00,-0.01493022,0.00572962
2023-05-09 00:00:00+00:00,0.01181281,-0.00205749
2023-05-10 00:00:00+00:00,0.00117328,-0.00377100
2023-05-11 00:00:00+00:00,0.00314479,-0.00978126
2023-05-12 00:00:00+00:00,-0.00364620,-0.00021501
2023-05-15 00:00:00+00:00,0.03301708,-0.00134753
2023-05-16 00:00:00+00:00,-0.00042614,-0.00976217
2023-05-17 00:00:00+00:00,0.01756822,0.00137171
2023-05-18 00:00:00+00:00,-0.00394538,0.00338951
2023-05-19 00:00:00+00:00,0.01082082,-0.00052090
2023-05-22 00:00:00+00:00,-0.01182896,-0.00298112
2023-05-23 00:00:00+00:00,-0.01336615,-0.00540913
2023-05-24 00:00:00+00:00,-0.02747715,-0.00009566
2023-05-25 00:00:00+00:00,0.01141805,-0.00571476
2023-05-26 00:00:00+00:00,0.00363655,0.00615750
2023-05-30 00:00:00+00:00,0.01801903,0.00010768
2023-05-31 00:00:00+00:00,0.01216863,-0.00262336
2023-06-01 00:00:00+00:00,0.00913676,0.00560146
2023-06-02 00:00:00+00:00,-0.02544967,0.00737654
2023-06-05 00:00:00+00:00,0.00607396,0.00202266
2023-06-06 00:00:00+00:00,-0.00759112,0.00208910
2023-06-07 00:00:00+00:00,-0.01432890,-0.00086317
2023-06-08 00:00:00+00:00,0.01312806,0.00696802
2023-06-09 00:00:00+00:00,0.01718694,-0.00389139
2023-06-12 00:00:00+00:00,0.00089024,-0.00203181
2023-06-13 00:00:00+00:00,-0.01029764,0.00729761
2023-06-14 00:00:00+00:00,0.01383130,-0.00057200
2023-06-15 00:00:00+00:00,-0.03108859,0.01779553
2023-06-16 00:00:00+00:00,-0.02255391,0.00891920
2023-06-20 00:00:00+00:00,0.00470765,-0.00580002
2023-06-21 00:00:00+00:00,-0.04482563,0.00904672
2023-06-22 00:00:00+00:00,0.02519751,-0.00558545
2023-06-23 00:00:00+00:00,0.01156507,-0.00312280
2023-06-26 00:00:00+00:00,-0.01457376,-0.00076919
2023-06-27 00:00:00+00:00,0.03197021,-0.00409891
2023-06-28 00:00:00+00:00,0.02661706,-0.00918186
2023-06-29 00:00:00+00:00,0.00559145,-0.00006323
2023-06-30 00:00:00+00:00,0.02752033,0.00988649
2023-07-03 00:00:00+00:00,0.00625977,-0.00194362
2023-07-05 00:00:00+00:00,-0.00026910,-0.00271804
2023-07-06 00:00:00+00:00,-0.02500530,-0.00638727
2023-07-07 00:00:00+00:00,-0.00625187,0.00061054
2023-07-10 00:00:00+00:00,-0.00720889,0.00596730
2023-07-11 00:00:00+00:00,-0.00510292,0.00603667
2023-07-12 00:00:00+00:00,0.02831239,0.00360950
2023-07-13 00:00:00+00:00,-0.03564953,0.01390869
2023-07-14 00:00:00+00:00,0.00110507,-0.00231919
2023-07-17 00:00:00+00:00,0.10178599,-0.01674735
2023-07-18 00:00:00+00:00,-0.03606467,0.01380185
2023-07-19 00:00:00+00:00,-0.01228017,0.00244745
2023-07-20 00:00:00+00:00,-0.02140342,-0.00129201
2023-07-21 00:00:00+00:00,0.00124291,-0.00146340
2023-07-24 00:00:00+00:00,-0.02950666,0.00793960
2023-07-25 00:00:00+00:00,-0.00353628,0.00218194
2023-07-26 00:00:00+00:00,0.02103654,-0.00208041
2023-07-27 00:00:00+00:00,0.00650565,-0.01031306
2023-07-28 00:00:00+00:00,0.00076215,0.00368483
2023-07-31 00:00:00+00:00,0.01208419,0.00047176
2023-08-01 00:00:00+00:00,0.00486033,-0.00896638
2023-08-02 00:00:00+00:00,0.00522254,-0.01337979
2023-08-03 00:00:00+00:00,-0.01564139,0.00128775
2023-08-04 00:00:00+00:00,-0.01410298,0.00361257
2023-08-07 00:00:00+00:00,-0.00277018,0.00126649
2023-08-08 00:00:00+00:00,-0.02033965,0.00019791
2023-08-09 00:00:00+00:00,-0.02316033,0.00404317
2023-08-10 00:00:00+00:00,0.01919746,-0.00864970
2023-08-11 00:00:00+00:00,0.00192581,-0.00405476
2023-08-14 00:00:00+00:00,0.00619875,0.00059977
2023-08-15 00:00:00+00:00,0.01749102,-0.01573683
2023-08-16 00:00:00+00:00,0.00052714,-0.00528869
2023-08-17 00:00:00+00:00,-0.01557094,0.00055018
2023-08-18 00:00:00+00:00,-0.00391316,0.00227233
2023-08-21 00:00:00+00:00,0.02175892,0.00357472
2023-08-22 00:00:00+00:00,0.00298715,-0.00319101
2023-08-23 00:00:00+00:00,-0.00178823,0.00535560
2023-08-24 00:00:00+00:00,0.00273262,-0.00184021
2023-08-25 00:00:00+00:00,0.00140682,0.00298148
2023-08-28 00:00:00+00:00,-0.00225057,0.00554449
2023-08-29 00:00:00+00:00,0.01002182,0.00467470
2023-08-30 00:00:00+00:00,0.00074274,0.00908364
2023-08-31 00:00:00+00:00,-0.00401186,-0.00135398
2023-09-01 00:00:00+00:00,0.00316569,0.00116307
2023-09-05 00:00:00+00:00,0.00262033,-0.00834019
2023-09-06 00:00:00+00:00,-0.00567813,-0.00537234
2023-09-07 00:00:00+00:00,-0.00923904,-0.00104980
2023-09-08 00:00:00+00:00,-0.00157218,0.00049116
2023-09-11 00:00:00+00:00,0.00829707,0.00439836
2023-09-12 00:00:00+00:00,-0.01061567,0.00106257
2023-09-13 00:00:00+00:00,-0.00057226,-0.00193362
2023-09-14 00:00:00+00:00,0.00394666,0.00334095
2023-09-15 00:00:00+00:00,0.00467150,0.00167084
2023-09-18 00:00:00+00:00,-0.00204510,0.00103260
2023-09-19 00:00:00+00:00,-0.00669400,0.00188589
2023-09-20 00:00:00+00:00,-0.00685154,-0.00113096
2023-09-21 00:00:00+00:00,0.01013916,-0.01624276
2023-09-22 00:00:00+00:00,-0.00529456,0.00268987
2023-09-25 00:00:00+00:00,0.00921803,-0.00266838
2023-09-26 00:00:00+00:00,-0.00874770,-0.00361874
2023-09-27 00:00:00+00:00,-0.00084653,0.00415993
2023-09-28 00:00:00+00:00,-0.01124830,0.00462624
2023-09-29 00:00:00+00:00,-0.00025896,-0.00545853
2023-10-02 00:00:00+00:00,-0.00072890,-0.00945044
2023-10-03 00:00:00+00:00,-0.00623838,-0.00324926
2023-10-04 00:00:00+00:00,0.00051624,-0.00279587
2023-10-05 00:00:00+00:00,-0.01577579,0.00422564
2023-10-06 00:00:00+00:00,0.01944211,0.00938757
2023-10-09 00:00:00+00:00,-0.00512400,0.00834579
2023-10-10 00:00:00+00:00,0.00729736,0.00180475
2023-10-11 00:00:00+00:00,-0.00464069,-0.00052838
2023-10-12 00:00:00+00:00,0.00527181,-0.00200974
2023-10-13 00:00:00+00:00,0.00032955,0.00643081
2023-10-16 00:00:00+00:00,0.02177903,-0.00382821
2023-10-17 00:00:00+00:00,0.01142136,-0.00192710
2023-10-18 00:00:00+00:00,-0.00584304,0.00013354
2023-10-19 00:00:00+00:00,0.00022384,-0.00218443
2023-10-20 00:00:00+00:00,-0.00338686,-0.00484392
2023-10-23 00:00:00+00:00,-0.01057394,-0.00304126
2023-10-24 00:00:00+00:00,0.00547816,0.00109046
2023-10-25 00:00:00+00:00,-0.00614557,-0.00450098
2023-10-26 00:00:00+00:00,-0.03098310,0.00107231
2023-10-27 00:00:00+00:00,0.00331385,0.00276835
2023-10-30 00:00:00+00:00,0.00761348,0.00520247
2023-10-31 00:00:00+00:00,-0.01011446,0.00336212
2023-11-01 00:00:00+00:00,0.00759168,0.00084621
2023-11-02 00:00:00+00:00,0.00482119,0.00820870
2023-11-03 00:00:00+00:00,-0.00351625,0.00609316
2023-11-06 00:00:00+00:00,0.01882428,-0.00536250
2023-11-07 00:00:00+00:00,0.00272745,-0.00649820
2023-11-08 00:00:00+00:00,-0.00461585,-0.00187350
2023-11-09 00:00:00+00:00,0.01210996,-0.00640697
2023-11-10 00:00:00+00:00,0.00802957,0.00041998
2023-11-13 00:00:00+00:00,-0.01351683,0.01164580
2023-11-14 00:00:00+00:00,0.01453214,0.00928730
2023-11-15 00:00:00+00:00,0.00720402,-0.00019426
2023-11-16 00:00:00+00:00,0.03197235,-0.00273798
2023-11-17 00:00:00+00:00,-0.00401484,-0.00155653
2023-11-20 00:00:00+00:00,-0.00019141,0.00465031
2023-11-21 00:00:00+00:00,0.00356949,0.00077146
2023-11-22 00:00:00+00:00,0.00071581,-0.00102898
2023-11-24 00:00:00+00:00,0.01762945,-0.00349351
2023-11-27 00:00:00+00:00,0.01566621,-0.00172771
2023-11-28 00:00:00+00:00,0.00792478,0.00262181
2023-11-29 00:00:00+00:00,-0.01460045,0.00624312
2023-11-30 00:00:00+00:00,0.00041828,0.00115194
2023-12-01 00:00:00+00:00,0.01988106,0.00543663
2023-12-04 00:00:00+00:00,0.00588577,-0.01465227
2023-12-05 00:00:00+00:00,-0.00398853,0.00076388
2023-12-06 00:00:00+00:00,0.03154270,-0.01008193
2023-12-07 00:00:00+00:00,0.00205778,0.00448495
2023-12-08 00:00:00+00:00,-0.01312009,-0.00285755
2023-12-11 00:00:00+00:00,0.01665316,-0.00423109
2023-12-12 00:00:00+00:00,0.02964674,-0.00536062
2023-12-13 00:00:00+00:00,0.00514924,0.00579258
2023-12-14 00:00:00+00:00,-0.00854292,0.01566854
2023-12-15 00:00:00+00:00,-0.03254715,0.00549167
2023-12-18 00:00:00+00:00,0.01329738,0.00564055
2023-12-19 00:00:00+00:00,0.01448904,0.00234781
2023-12-20 00:00:00+00:00,-0.00313399,-0.00269411
2023-12-21 00:00:00+00:00,-0.00049621,0.00548491
2023-12-22 00:00:00+00:00,-0.00020689,0.00157127
2023-12-26 00:00:00+00:00,-0.00159112,0.00324537
2023-12-27 00:00:00+00:00,0.00038798,0.00504619
2023-12-28 00:00:00+00:00,0.00859946,-0.00799558
2023-12-29 00:00:00+00:00,0.00585705,-0.00521398
2024-01-02 00:00:00+00:00,0.00070474,-0.00570809
2024-01-03 00:00:00+00:00,-0.01851075,-0.00026396
2024-01-04 00:00:00+00:00,-0.01116553,0.00162583
2024-01-05 00:00:00+00:00,0.00380632,0.00107290
2024-01-08 00:00:00+00:00,0.00955645,0.00086738
2024-01-09 00:00:00+00:00,-0.01832683,0.00548982
2024-01-10 00:00:00+00:00,0.01795080,-0.00378300
2024-01-11 00:00:00+00:00,-0.00545379,0.00140933
2024-01-12 00:00:00+00:00,0.00866451,0.00551870
2024-01-16 00:00:00+00:00,0.01363940,-0.01213859
2024-01-17 00:00:00+00:00,0.00407853,-0.00775544
2024-01-18 00:00:00+00:00,0.01768402,0.00050379
2024-01-19 00:00:00+00:00,0.02191886,-0.00158512
2024-01-22 00:00:00+00:00,0.00436766,-0.00111690
2024-01-23 00:00:00+00:00,-0.00757040,0.00136094
2024-01-24 00:00:00+00:00,-0.01677298,0.01088146
2024-01-25 00:00:00+00:00,0.01542107,0.00076056
2024-01-26 00:00:00+00:00,-0.00008295,0.00159146
2024-01-29 00:00:00+00:00,0.03114773,-0.00443308
2024-01-30 00:00:00+00:00,0.00879198,-0.00785611
2024-01-31 00:00:00+00:00,-0.01750146,-0.00211346
2024-02-01 00:00:00+00:00,0.02236411,-0.00116913
2024-02-02 00:00:00+00:00,0.01674232,-0.00529470
2024-02-05 00:00:00+00:00,-0.00811857,-0.00462492
2024-02-06 00:00:00+00:00,0.00936704,-0.00042848
2024-02-07 00:00:00+00:00,0.01826934,-0.00227362
2024-02-08 00:00:00+00:00,0.00406840,-0.00017602
2024-02-09 00:00:00+00:00,0.01666795,-0.00373115
2024-02-12 00:00:00+00:00,0.00167013,-0.00081092
2024-02-13 00:00:00+00:00,-0.00525552,-0.01009716
2024-02-14 00:00:00+00:00,0.02704280,-0.00592102
2024-02-15 00:00:00+00:00,0.01797453,0.00362570
2024-02-16 00:00:00+00:00,-0.01150642,0.00255111
2024-02-20 00:00:00+00:00,-0.00678247,-0.00127645
2024-02-21 00:00:00+00:00,-0.00132308,0.00548302
2024-02-22 00:00:00+00:00,0.03210164,0.00214396
2024-02-23 00:00:00+00:00,0.02174360,-0.00858349
2024-02-26 00:00:00+00:00,-0.01523348,0.00157230
2024-02-27 00:00:00+00:00,0.00434972,-0.00063009
2024-02-28 00:00:00+00:00,-0.02939929,0.01318086
2024-02-29 00:00:00+00:00,0.00611151,0.00183752
2024-03-01 00:00:00+00:00,0.00626273,0.00775949
2024-03-04 00:00:00+00:00,-0.01510178,0.00529834
2024-03-05 00:00:00+00:00,-0.00870903,-0.00133508
2024-03-06 00:00:00+00:00,0.00208052,0.00513525
2024-03-07 00:00:00+00:00,0.00105981,0.00199910
2024-03-08 00:00:00+00:00,-0.01154586,-0.00234963
2024-03-11 00:00:00+00:00,0.00253418,-0.00119711
2024-03-12 00:00:00+00:00,0.00527047,-0.00135191
2024-03-13 00:00:00+00:00,0.00418621,0.00334709
2024-03-14 00:00:00+00:00,-0.00545905,0.00102837
2024-03-15 00:00:00+00:00,-0.02240906,-0.00010943
2024-03-18 00:00:00+00:00,0.01969443,0.00659364
2024-03-19 00:00:00+00:00,0.00023895,0.00333144
2024-03-20 00:00:00+00:00,-0.00222454,0.00062963
2024-03-21 00:00:00+00:00,0.00010684,0.00096306
2024-03-22 00:00:00+00:00,0.00921416,-0.00517718
2024-03-25 00:00:00+00:00,-0.00184387,-0.00034242
2024-03-26 00:00:00+00:00,0.00867685,-0.00488572
2024-03-27 00:00:00+00:00,0.00172329,0.00842284
2024-03-28 00:00:00+00:00,-0.01357555,0.00838096
2024-04-01 00:00:00+00:00,0.00383111,0.00188981
2024-04-02 00:00:00+00:00,0.00835914,0.00131433
2024-04-03 00:00:00+00:00,-0.00508289,0.00807753
2024-04-04 00:00:00+00:00,-0.00755534,-0.00253766
2024-04-05 00:00:00+00:00,0.00822966,0.00399157
2024-04-08 00:00:00+00:00,-0.00465251,0.00306890
2024-04-09 00:00:00+00:00,0.00441159,0.00124314
2024-04-10 00:00:00+00:00,-0.00535776,-0.00466130
2024-04-11 00:00:00+00:00,0.02113011,-0.00508710
2024-04-12 00:00:00+00:00,-0.02410634,0.00135271
2024-04-15 00:00:00+00:00,0.00316162,-0.00671431
2024-04-16 00:00:00+00:00,0.00210049,-0.00106453
2024-04-17 00:00:00+00:00,-0.01265293,-0.00340570
2024-04-18 00:00:00+00:00,0.00324753,0.00078580
2024-04-19 00:00:00+00:00,-0.01982171,0.00398576
2024-04-22 00:00:00+00:00,-0.01677512,0.00292759
2024-04-23 00:00:00+00:00,0.00071122,0.00106861
2024-04-24 00:00:00+00:00,0.01584524,-0.00954507
2024-04-25 00:00:00+00:00,-0.00328120,-0.00193455
2024-04-26 00:00:00+00:00,0.01260003,0.00350367
2024-04-29 00:00:00+00:00,-0.02579633,0.02231239
2024-04-30 00:00:00+00:00,-0.01078266,-0.01410870
2024-05-01 00:00:00+00:00,-0.00668227,-0.00242810
2024-05-02 00:00:00+00:00,-0.02198318,0.00972871
2024-05-03 00:00:00+00:00,0.00350625,0.00859315
2024-05-06 00:00:00+00:00,-0.01494739,0.01270196
2024-05-07 00:00:00+00:00,0.00269864,-0.00034164
2024-05-08 00:00:00+00:00,0.01543147,-0.00385251
2024-05-09 00:00:00+00:00,0.00952936,0.00782819
2024-05-10 00:00:00+00:00,-0.00787100,0.00298100
2024-05-13 00:00:00+00:00,-0.01322533,0.00670276
2024-05-14 00:00:00+00:00,0.01198326,0.00226352
2024-05-15 00:00:00+00:00,-0.00078919,0.01353442
2024-05-16 00:00:00+00:00,-0.00299084,0.00043489
2024-05-17 00:00:00+00:00,-0.00174462,0.01158973
2024-05-20 00:00:00+00:00,-0.00473886,0.00997608
2024-05-21 00:00:00+00:00,0.00647879,-0.00382191
2024-05-22 00:00:00+00:00,-0.01842105,-0.00278756
2024-05-23 00:00:00+00:00,-0.00570199,-0.01366650
2024-05-24 00:00:00+00:00,0.00132317,-0.00179169
2024-05-28 00:00:00+00:00,0.01626226,0.00794307
2024-05-29 00:00:00+00:00,0.00318766,-0.01059741
2024-05-30 00:00:00+00:00,-0.01169343,-0.00441214
2024-05-31 00:00:00+00:00,0.00041085,-0.00322000
2024-06-03 00:00:00+00:00,0.00576947,0.00587855
2024-06-04 00:00:00+00:00,-0.00726823,-0.01030896
2024-06-05 00:00:00+00:00,0.01521600,0.01197927
2024-06-06 00:00:00+00:00,-0.01030939,0.01236114
2024-06-07 00:00:00+00:00,0.00196235,-0.01208417
2024-06-10 00:00:00+00:00,0.00434656,0.00531948
2024-06-11 00:00:00+00:00,0.00208776,0.00427907
2024-06-12 00:00:00+00:00,0.00318194,0.00730415
2024-06-13 00:00:00+00:00,-0.00552340,-0.00341405
2024-06-14 00:00:00+00:00,0.00453761,-0.00208300
2024-06-17 00:00:00+00:00,0.01746278,-0.00317620
2024-06-18 00:00:00+00:00,-0.00677144,0.00925508
2024-06-20 00:00:00+00:00,0.01546450,-0.00222364
2024-06-21 00:00:00+00:00,-0.00618203,-0.00909658
2024-06-24 00:00:00+00:00,-0.00020204,0.00718699
2024-06-25 00:00:00+00:00,0.00888636,-0.00840924
2024-06-26 00:00:00+00:00,0.00926963,-0.00649918
2024-06-27 00:00:00+00:00,0.00640634,0.00154586
2024-06-28 00:00:00+00:00,0.01269286,-0.00553357
2024-07-01 00:00:00+00:00,0.00889206,-0.00168330
2024-07-02 00:00:00+00:00,0.00079402,0.00156189
2024-07-03 00:00:00+00:00,0.00293773,0.01009430
2024-07-05 00:00:00+00:00,0.00006723,0.00601440
2024-07-08 00:00:00+00:00,0.00932363,-0.00641955
2024-07-09 00:00:00+00:00,0.00308526,-0.00263317
2024-07-10 00:00:00+00:00,0.01109408,0.00331146
2024-07-11 00:00:00+00:00,-0.01437152,-0.00011411
2024-07-12 00:00:00+00:00,0.00458801,0.00184720
2024-07-15 00:00:00+00:00,0.02700637,-0.01333700
2024-07-16 00:00:00+00:00,-0.00482998,0.00598963
2024-07-17 00:00:00+00:00,-0.02696786,-0.00866172
2024-07-18 00:00:00+00:00,0.00050238,-0.00333471
2024-07-19 00:00:00+00:00,-0.00881393,-0.01050715
2024-07-22 00:00:00+00:00,-0.01795960,0.00852240
2024-07-23 00:00:00+00:00,0.00050212,-0.00493705
2024-07-24 00:00:00+00:00,-0.01383562,-0.00898179
2024-07-25 00:00:00+00:00,-0.01375593,-0.00713458
2024-07-26 00:00:00+00:00,0.04067520,-0.00263475
2024-07-29 00:00:00+00:00,0.01398739,-0.00734389
2024-07-30 00:00:00+00:00,0.00474875,0.00643624
2024-07-31 00:00:00+00:00,0.02828307,0.00694754
2024-08-01 00:00:00+00:00,0.00125125,-0.00777861
2024-08-02 00:00:00+00:00,-0.02447273,-0.00292409
2024-08-05 00:00:00+00:00,-0.03377147,-0.01188258
2024-08-06 00:00:00+00:00,0.01040215,0.00178973
2024-08-07 00:00:00+00:00,-0.00215680,-0.00105419
2024-08-08 00:00:00+00:00,0.03076685,0.00797276
2024-08-09 00:00:00+00:00,-0.00232237,0.00474205
2024-08-12 00:00:00+00:00,0.00190924,0.00893007
2024-08-13 00:00:00+00:00,0.03332021,-0.00093850
2024-08-14 00:00:00+00:00,-0.00459155,0.00095143
2024-08-15 00:00:00+00:00,0.03672223,0.00315988
2024-08-16 00:00:00+00:00,0.02164540,-0.00395145
2024-08-19 00:00:00+00:00,-0.01507916,0.00812999
2024-08-20 00:00:00+00:00,0.00463149,0.00121415
2024-08-21 00:00:00+00:00,0.00038135,-0.00035198
2024-08-22 00:00:00+00:00,0.00983076,-0.01238724
2024-08-23 00:00:00+00:00,0.01181188,0.00607413
2024-08-26 00:00:00+00:00,0.00401628,0.00169796
2024-08-27 00:00:00+00:00,-0.00543725,-0.00184180
2024-08-28 00:00:00+00:00,-0.00281550,-0.00497716
2024-08-29 00:00:00+00:00,-0.02521217,0.01192042
2024-08-30 00:00:00+00:00,-0.00763856,-0.00266770
2024-09-03 00:00:00+00:00,-0.03846520,-0.00610013
2024-09-04 00:00:00+00:00,-0.00640015,-0.00033600
2024-09-05 00:00:00+00:00,-0.00569140,0.00694142
2024-09-06 00:00:00+00:00,-0.00220195,-0.01144012
2024-09-09 00:00:00+00:00,0.00900828,0.00443356
2024-09-10 00:00:00+00:00,0.01773143,-0.00266195
2024-09-11 00:00:00+00:00,0.00581863,0.00758778
2024-09-12 00:00:00+00:00,-0.00613080,0.01354461
2024-09-13 00:00:00+00:00,0.00470940,0.00462969
2024-09-16 00:00:00+00:00,-0.03210834,0.01036368
2024-09-17 00:00:00+00:00,-0.00187374,-0.00111781
2024-09-18 00:00:00+00:00,-0.00361611,-0.00263357
2024-09-19 00:00:00+00:00,0.00785297,0.00867772
2024-09-20 00:00:00+00:00,0.00052424,0.00282462
2024-09-23 00:00:00+00:00,-0.01241433,0.01064796
2024-09-24 00:00:00+00:00,0.01027477,0.00668137
2024-09-25 00:00:00+00:00,-0.00133948,-0.00006542
2024-09-26 00:00:00+00:00,0.02568527,0.00011097
2024-09-27 00:00:00+00:00,-0.04160909,0.01015845
2024-09-30 00:00:00+00:00,0.00005941,-0.00126882
2024-10-01 00:00:00+00:00,-0.00604140,0.00321010
2024-10-02 00:00:00+00:00,-0.00181585,0.00093112
2024-10-03 00:00:00+00:00,-0.01357158,0.00308191
2024-10-04 00:00:00+00:00,0.00818337,-0.00369174
2024-10-07 00:00:00+00:00,-0.01343374,-0.00432559
2024-10-08 00:00:00+00:00,0.01773836,-0.01021291
2024-10-09 00:00:00+00:00,0.00540796,-0.00171960
2024-10-10 00:00:00+00:00,-0.00965600,0.00233400
2024-10-11 00:00:00+00:00,0.02193927,0.00383260
2024-10-14 00:00:00+00:00,0.01893967,-0.00997339
2024-10-15 00:00:00+00:00,0.01564094,-0.00649628
2024-10-16 00:00:00+00:00,0.02047940,-0.00061951
2024-10-17 00:00:00+00:00,-0.00292953,-0.00107285
2024-10-18 00:00:00+00:00,0.03452742,-0.00000672
2024-10-21 00:00:00+00:00,-0.01116327,0.00452138
2024-10-22 00:00:00+00:00,-0.00557603,0.00668670
2024-10-23 00:00:00+00:00,-0.01278461,-0.00708651
2024-10-24 00:00:00+00:00,-0.00439182,0.00766541
2024-10-25 00:00:00+00:00,-0.00515756,0.00093629
2024-10-28 00:00:00+00:00,0.04509245,-0.01383499
2024-10-29 00:00:00+00:00,0.00726674,0.00228329
2024-10-30 00:00:00+00:00,-0.04266868,0.01822132
2024-10-31 00:00:00+00:00,-0.02131877,-0.01168719
2024-11-01 00:00:00+00:00,0.00221129,0.00008435
2024-11-04 00:00:00+00:00,-0.02035965,0.00731198
2024-11-05 00:00:00+00:00,0.00592970,0.00221638
2024-11-06 00:00:00+00:00,-0.00869645,-0.00108836
2024-11-07 00:00:00+00:00,-0.00051510,0.00972055
2024-11-08 00:00:00+00:00,0.00802736,-0.00428225
2024-11-11 00:00:00+00:00,-0.01453477,-0.00146296
2024-11-12 00:00:00+00:00,0.00216281,-0.00515516
2024-11-13 00:00:00+00:00,-0.00893960,-0.00003488
2024-11-14 00:00:00+00:00,0.01246798,-0.00884346
2024-11-15 00:00:00+00:00,-0.00754974,-0.00348223
2024-11-18 00:00:00+00:00,-0.00819485,0.01168082
2024-11-19 00:00:00+00:00,0.01100876,0.00382908
2024-11-20 00:00:00+00:00,-0.00541080,0.00429501
2024-11-21 00:00:00+00:00,0.00947959,0.00429859
2024-11-22 00:00:00+00:00,0.01270096,-0.00081219
2024-11-25 00:00:00+00:00,-0.02003776,0.00184862
2024-11-26 00:00:00+00:00,0.00727849,-0.00014365
2024-11-27 00:00:00+00:00,0.00889533,-0.00488474
2024-11-29 00:00:00+00:00,-0.00716132,0.00889878
2024-12-02 00:00:00+00:00,0.00995519,-0.00331965
2024-12-03 00:00:00+00:00,0.00722051,0.00111587
2024-12-04 00:00:00+00:00,0.01142323,0.00145605
2024-12-05 00:00:00+00:00,-0.01549063,-0.00035419
2024-12-06 00:00:00+00:00,0.00033433,0.00099265
2024-12-09 00:00:00+00:00,-0.00694450,0.00694333
2024-12-10 00:00:00+00:00,-0.00589828,0.00140674
2024-12-11 00:00:00+00:00,0.00596820,0.00910006
2024-12-12 00:00:00+00:00,-0.00662191,-0.00663933
2024-12-13 00:00:00+00:00,0.00895483,-0.00753932
2024-12-16 00:00:00+00:00,-0.00441534,0.00105015
2024-12-17 00:00:00+00:00,-0.00385057,-0.00158355
2024-12-18 00:00:00+00:00,0.00025094,-0.01045923
2024-12-19 00:00:00+00:00,-0.01818645,-0.00207601
2024-12-20 00:00:00+00:00,-0.00168876,0.00743804
2024-12-23 00:00:00+00:00,0.01690219,0.00393308
2024-12-24 00:00:00+00:00,0.00225156,0.01098305
2024-12-26 00:00:00+00:00,-0.00266015,-0.00164722
2024-12-27 00:00:00+00:00,-0.00647578,-0.00865145
2024-12-30 00:00:00+00:00,-0.01405849,0.00610996
2024-12-31 00:00:00+00:00,-0.00715694,-0.00509013
2025-01-02 00:00:00+00:00,0.00839043,0.00399566
2025-01-03 00:00:00+00:00,0.01518678,-0.00495085
2025-01-06 00:00:00+00:00,0.00144009,0.01256843
2025-01-07 00:00:00+00:00,0.00098333,-0.00634580
2025-01-08 00:00:00+00:00,0.00613609,0.00428482
2025-01-09 00:00:00+00:00,0.00145799,0.00443123
2025-01-10 00:00:00+00:00,-0.00786016,0.00930019
2025-01-13 00:00:00+00:00,-0.02273323,0.00125755
2025-01-14 00:00:00+00:00,0.00077990,0.00025950
2025-01-15 00:00:00+00:00,0.01306413,0.01705785
2025-01-16 00:00:00+00:00,0.01033960,0.00166820
2025-01-17 00:00:00+00:00,-0.00795171,-0.00388560
2025-01-21 00:00:00+00:00,-0.00779484,0.00097155
2025-01-22 00:00:00+00:00,0.01123394,0.00278764
2025-01-23 00:00:00+00:00,-0.00607877,0.00005699
2025-01-24 00:00:00+00:00,0.00891101,0.00092034
2025-01-27 00:00:00+00:00,-0.02308520,-0.01326094
2025-01-28 00:00:00+00:00,-0.00240028,-0.00145421
2025-01-29 00:00:00+00:00,0.00071168,0.00303929
2025-01-30 00:00:00+00:00,0.01052563,-0.00486177
2025-01-31 00:00:00+00:00,-0.00027523,-0.00512365
2025-02-03 00:00:00+00:00,0.01935441,0.01209573
2025-02-04 00:00:00+00:00,0.00023032,0.00417735
2025-02-05 00:00:00+00:00,0.00334154,0.00399027
2025-02-06 00:00:00+00:00,-0.00419793,0.00045119
2025-02-07 00:00:00+00:00,0.00192554,-0.00501088
2025-02-10 00:00:00+00:00,0.01518480,0.01018255
2025-02-11 00:00:00+00:00,0.00453090,-0.00169516
2025-02-12 00:00:00+00:00,0.01437628,-0.00081068
2025-02-13 00:00:00+00:00,-0.00304106,0.00779500
2025-02-14 00:00:00+00:00,-0.00839753,0.00224746
2025-02-18 00:00:00+00:00,0.02748122,0.00686103
2025-02-19 00:00:00+00:00,0.00305441,0.00390853
2025-02-20 00:00:00+00:00,-0.00604344,-0.00090456
2025-02-21 00:00:00+00:00,0.00305276,-0.00617245
2025-02-24 00:00:00+00:00,-0.00677489,-0.00838556
2025-02-25 00:00:00+00:00,-0.01367232,-0.00172907
2025-02-26 00:00:00+00:00,-0.00485176,-0.00512828
2025-02-27 00:00:00+00:00,-0.00728166,-0.00340946
2025-02-28 00:00:00+00:00,-0.01605570,-0.00478122
2025-03-03 00:00:00+00:00,0.03079617,0.00214795
2025-03-04 00:00:00+00:00,0.01788231,-0.00059652
2025-03-05 00:00:00+00:00,0.01440354,0.00910732
2025-03-06 00:00:00+00:00,-0.00467548,-0.00357554
2025-03-07 00:00:00+00:00,-0.00333461,0.00093158
2025-03-10 00:00:00+00:00,-0.00345927,-0.00643114
2025-03-11 00:00:00+00:00,0.01364284,-0.00005438
2025-03-12 00:00:00+00:00,0.00280488,-0.00281372
2025-03-13 00:00:00+00:00,0.01183714,0.00173134
2025-03-14 00:00:00+00:00,0.00325629,0.00334387
2025-03-17 00:00:00+00:00,-0.00982499,0.00561680
2025-03-18 00:00:00+00:00,0.01335318,-0.00000886
2025-03-19 00:00:00+00:00,-0.00041242,0.00641387
2025-03-20 00:00:00+00:00,-0.01399087,-0.00175422
2025-03-21 00:00:00+00:00,0.00026689,-0.00411468
2025-03-24 00:00:00+00:00,-0.00483099,0.00526128
2025-03-25 00:00:00+00:00,0.00800572,0.00163945
2025-03-26 00:00:00+00:00,0.00076960,-0.00259620
2025-03-27 00:00:00+00:00,0.00670137,0.00085394
2025-03-28 00:00:00+00:00,0.00665364,0.00178640
2025-03-31 00:00:00+00:00,0.00268571,0.00374665
2025-04-01 00:00:00+00:00,-0.01378904,0.00117819
2025-04-02 00:00:00+00:00,0.01243387,0.00373535
2025-04-03 00:00:00+00:00,-0.01961636,-0.02394400
2025-04-04 00:00:00+00:00,-0.03288011,-0.04128464
2025-04-07 00:00:00+00:00,0.00221691,-0.01212251
2025-04-08 00:00:00+00:00,0.00716000,-0.00903710
2025-04-09 00:00:00+00:00,0.02724779,0.03900498
2025-04-10 00:00:00+00:00,0.01932241,-0.00719762
2025-04-11 00:00:00+00:00,0.01814764,0.01355199
2025-04-14 00:00:00+00:00,-0.01264414,0.00066915
2025-04-15 00:00:00+00:00,0.00328744,-0.00063771
2025-04-16 00:00:00+00:00,0.01834652,0.00105635
2025-04-17 00:00:00+00:00,-0.01032436,-0.00010185
2025-04-21 00:00:00+00:00,0.02330112,-0.01272707
2025-04-22 00:00:00+00:00,-0.00904895,0.00930661
2025-04-23 00:00:00+00:00,-0.00768323,0.00076006
2025-04-24 00:00:00+00:00,-0.00488063,0.00748715
2025-04-25 00:00:00+00:00,-0.01036528,0.00120795
2025-04-28 00:00:00+00:00,0.01757769,0.00684389
2025-04-29 00:00:00+00:00,0.00908853,0.00112154
2025-04-30 00:00:00+00:00,-0.00147491,-0.00961190
2025-05-01 00:00:00+00:00,-0.01559383,0.00266532
2025-05-02 00:00:00+00:00,0.01134440,0.00503101
2025-05-05 00:00:00+00:00,0.02158015,-0.00521798
2025-05-06 00:00:00+00:00,0.01661304,0.00492587
2025-05-07 00:00:00+00:00,-0.00345599,-0.00133878
2025-05-08 00:00:00+00:00,-0.01992919,-0.00120350
2025-05-09 00:00:00+00:00,0.01093191,0.00876952
2025-05-12 00:00:00+00:00,-0.03257249,0.00208441
2025-05-13 00:00:00+00:00,0.00645286,0.00535667
2025-05-14 00:00:00+00:00,-0.01872739,-0.00780314
2025-05-15 00:00:00+00:00,0.00810545,-0.00067425
2025-05-16 00:00:00+00:00,-0.01199004,-0.00122492
2025-05-19 00:00:00+00:00,0.00331627,-0.00143240
2025-05-20 00:00:00+00:00,0.02841814,0.01069748
2025-05-21 00:00:00+00:00,-0.00417345,-0.00438506
2025-05-22 00:00:00+00:00,-0.00841846,-0.00300276
2025-05-23 00:00:00+00:00,0.00349427,0.00529784
2025-05-27 00:00:00+00:00,0.00794528,0.00313810
2025-05-28 00:00:00+00:00,-0.00413494,-0.00903518
2025-05-29 00:00:00+00:00,0.01950259,0.00900397
2025-05-30 00:00:00+00:00,-0.00276725,-0.00466958
2025-06-02 00:00:00+00:00,0.01487499,0.01582823
2025-06-03 00:00:00+00:00,-0.00473421,0.00286424
2025-06-04 00:00:00+00:00,0.00132178,0.00272201
2025-06-05 00:00:00+00:00,-0.01597501,0.00148752
2025-06-06 00:00:00+00:00,0.00038555,0.00384757
2025-06-09 00:00:00+00:00,-0.01058021,-0.00179981
2025-06-10 00:00:00+00:00,-0.00152746,0.00030635
2025-06-11 00:00:00+00:00,-0.00687356,0.00082381
2025-06-12 00:00:00+00:00,0.01202735,0.00261726
2025-06-13 00:00:00+00:00,-0.02326583,0.00716111
2025-06-16 00:00:00+00:00,0.00884477,0.00224851
2025-06-17 00:00:00+00:00,-0.01247302,0.00505957
2025-06-18 00:00:00+00:00,0.00105415,0.00407557
2025-06-20 00:00:00+00:00,-0.00092480,-0.00616248
2025-06-23 00:00:00+00:00,0.01239940,-0.00788505
2025-06-24 00:00:00+00:00,-0.00719452,-0.00763445
2025-06-25 00:00:00+00:00,0.00224024,-0.00405851
2025-06-26 00:00:00+00:00,0.00200757,0.00388946
2025-06-27 00:00:00+00:00,0.00557679,0.01181525
2025-06-30 00:00:00+00:00,-0.01143288,-0.00430784
2025-07-01 00:00:00+00:00,0.00641986,0.00086677
2025-07-02 00:00:00+00:00,-0.00263414,0.01019858
2025-07-03 00:00:00+00:00,-0.00091026,-0.00072969
2025-07-04 00:00:00+00:00,0.00078255,-0.00341966
2025-07-07 00:00:00+00:00,0.00744951,-0.00457501
2025-07-08 00:00:00+00:00,-0.00601065,0.00570585
2025-07-09 00:00:00+00:00,-0.00662903,-0.00382519
2025-07-10 00:00:00+00:00,0.01637345,0.00344845
2025-07-11 00:00:00+00:00,0.02447729,0.00222533
2025-07-14 00:00:00+00:00,0.01029770,0.00252375
2025-07-15 00:00:00+00:00,-0.00161214,-0.00500753
2025-07-16 00:00:00+00:00,-0.00193094,0.00376546
2025-07-17 00:00:00+00:00,-0.00594454,0.00240378
2025-07-18 00:00:00+00:00,0.00152292,0.00398096
2025-07-21 00:00:00+00:00,0.00607075,-0.00221952
2025-07-22 00:00:00+00:00,0.00866839,-0.00105406
2025-07-23 00:00:00+00:00,-0.00351436,-0.00465412
2025-07-24 00:00:00+00:00,-0.00496261,0.00002238
2025-07-25 00:00:00+00:00,-0.00333366,-0.00306466
2025-07-28 00:00:00+00:00,-0.01768797,-0.00662849
2025-07-29 00:00:00+00:00,-0.00194468,0.00531248
2025-07-30 00:00:00+00:00,-0.00220892,-0.00399198
2025-07-31 00:00:00+00:00,-0.06477941,-0.01952711
2025-08-01 00:00:00+00:00,0.01976579,-0.00068643
2025-08-04 00:00:00+00:00,-0.00439105,0.00052326
2025-08-05 00:00:00+00:00,0.00350455,-0.00103706
2025-08-06 00:00:00+00:00,0.01221970,0.00165579
2025-08-07 00:00:00+00:00,-0.00064845,0.00157811
2025-08-08 00:00:00+00:00,0.01147509,0.00099778
2025-08-11 00:00:00+00:00,-0.02625625,-0.00312492
2025-08-12 00:00:00+00:00,-0.00615251,-0.00163149
2025-08-13 00:00:00+00:00,-0.00567473,0.00434416
2025-08-14 00:00:00+00:00,-0.00403614,0.00024342
2025-08-15 00:00:00+00:00,0.01106536,0.00014203
2025-08-18 00:00:00+00:00,-0.00365602,-0.00103433
2025-08-19 00:00:00+00:00,-0.01029687,-0.00927272
2025-08-20 00:00:00+00:00,0.00541603,0.00225745
2025-08-21 00:00:00+00:00,0.00539874,0.00385020
2025-08-22 00:00:00+00:00,-0.00742294,0.00318162
2025-08-25 00:00:00+00:00,0.00862327,0.00151546
2025-08-26 00:00:00+00:00,0.00389675,-0.00036569
2025-08-27 00:00:00+00:00,0.00839608,0.00538040
2025-08-28 00:00:00+00:00,0.01065528,0.00659796
2025-08-29 00:00:00+00:00,0.02067903,0.00556631
2025-09-02 00:00:00+00:00,0.02031116,0.00408580
2025-09-03 00:00:00+00:00,0.00967046,0.00151446
2025-09-04 00:00:00+00:00,-0.01022986,-0.00074195
2025-09-05 00:00:00+00:00,0.00166767,-0.00092666
2025-09-08 00:00:00+00:00,0.00441875,0.00571152
2025-09-09 00:00:00+00:00,-0.00145296,0.00033603
2025-09-10 00:00:00+00:00,-0.00862615,-0.00102578
2025-09-11 00:00:00+00:00,0.00198606,0.00072881
2025-09-12 00:00:00+00:00,0.01083610,0.00112830
2025-09-15 00:00:00+00:00,0.00792508,0.01456401
2025-09-16 00:00:00+00:00,0.00077868,0.00410974
2025-09-17 00:00:00+00:00,-0.00326343,-0.00481321
2025-09-18 00:00:00+00:00,-0.01039802,-0.00605988
2025-09-19 00:00:00+00:00,0.01123266,-0.00029709
2025-09-22 00:00:00+00:00,0.01705356,0.00271126
2025-09-23 00:00:00+00:00,0.00811888,0.00407545
2025-09-24 00:00:00+00:00,-0.00937307,0.00132062
2025-09-25 00:00:00+00:00,0.01249396,0.00115336
2025-09-26 00:00:00+00:00,0.01290908,0.00317521
2025-09-29 00:00:00+00:00,0.03357747,0.01377267
2025-09-30 00:00:00+00:00,0.00360861,-0.00258878
2025-10-01 00:00:00+00:00,0.01772039,0.00840035
2025-10-02 00:00:00+00:00,-0.01428361,-0.00144708
2025-10-03 00:00:00+00:00,0.00100068,-0.00026636
2025-10-06 00:00:00+00:00,0.02818931,0.00600239
2025-10-07 00:00:00+00:00,0.00053887,0.00300993
2025-10-08 00:00:00+00:00,0.01036736,0.00332473
2025-10-09 00:00:00+00:00,-0.02523545,-0.00933710
2025-10-10 00:00:00+00:00,-0.00753164,-0.01656651
2025-10-13 00:00:00+00:00,0.04017952,0.01629001
2025-10-14 00:00:00+00:00,-0.00090133,-0.00364243
2025-10-15 00:00:00+00:00,0.01155267,0.00198096
2025-10-16 00:00:00+00:00,0.01742899,0.00259571
2025-10-17 00:00:00+00:00,-0.02528080,-0.00321404
2025-10-20 00:00:00+00:00,0.04514424,0.01962448
2025-10-21 00:00:00+00:00,-0.05189964,-0.00880554
2025-10-22 00:00:00+00:00,-0.00771748,-0.00069989
2025-10-23 00:00:00+00:00,0.01008284,0.00935211
2025-10-24 00:00:00+00:00,-0.00229711,-0.00055259
2025-10-27 00:00:00+00:00,-0.02049488,0.00436311
2025-10-28 00:00:00+00:00,-0.00403074,-0.00071644
2025-10-29 00:00:00+00:00,0.00834671,0.00227616
2025-10-30 00:00:00+00:00,0.04194580,0.01091845
2025-10-31 00:00:00+00:00,0.00166640,0.00379496
2025-11-03 00:00:00+00:00,0.00721957,0.00440532
2025-11-04 00:00:00+00:00,-0.00968899,-0.00719671
2025-11-05 00:00:00+00:00,0.01170327,0.00068475
2025-11-06 00:00:00+00:00,0.00002499,-0.00326405
2025-11-07 00:00:00+00:00,0.00164238,0.00046891
2025-11-10 00:00:00+00:00,0.03085300,0.01349127
2025-11-11 00:00:00+00:00,0.00639492,0.00697847
2025-11-12 00:00:00+00:00,0.03276422,0.00445436
2025-11-13 00:00:00+00:00,0.00246937,-0.00147645
2025-11-14 00:00:00+00:00,-0.03017417,-0.00998624
2025-11-17 00:00:00+00:00,-0.01024803,-0.00291991
2025-11-18 00:00:00+00:00,-0.00535534,-0.00173232
2025-11-19 00:00:00+00:00,0.01898417,0.00114279
2025-11-20 00:00:00+00:00,-0.00796373,-0.00841354
2025-11-21 00:00:00+00:00,0.00579036,0.00371496
2025-11-24 00:00:00+00:00,-0.00012597,0.00426479
2025-11-25 00:00:00+00:00,0.00602182,0.00195755
2025-11-26 00:00:00+00:00,0.01336331,0.01202810
2025-11-28 00:00:00+00:00,0.04308056,0.01477184
2025-12-01 00:00:00+00:00,0.02149637,0.00197442
2025-12-02 00:00:00+00:00,-0.01341513,-0.00254123
2025-12-03 00:00:00+00:00,0.00728119,0.00499227
2025-12-04 00:00:00+00:00,-0.00482809,0.00091749
2025-12-05 00:00:00+00:00,0.01806379,0.00632133
2025-12-08 00:00:00+00:00,-0.01245688,-0.01084287
2025-12-09 00:00:00+00:00,0.00314169,-0.00444365
2025-12-10 00:00:00+00:00,0.00238907,0.00231907
2025-12-11 00:00:00+00:00,0.01768786,0.00275698
2025-12-12 00:00:00+00:00,-0.00867971,-0.01269086
2025-12-15 00:00:00+00:00,0.00116896,0.00107615
2025-12-16 00:00:00+00:00,-0.00310855,-0.00681611
2025-12-17 00:00:00+00:00,0.02557012,0.00747538
2025-12-18 00:00:00+00:00,-0.01304669,-0.00124969
2025-12-19 00:00:00+00:00,0.01602392,0.00615180
2025-12-22 00:00:00+00:00,0.01192254,0.00835254
2025-12-23 00:00:00+00:00,0.01394120,0.01402399
2025-12-24 00:00:00+00:00,-0.00154652,0.00071093
2025-12-26 00:00:00+00:00,0.04435614,0.00988015
2025-12-29 00:00:00+00:00,-0.05952484,-0.00899780
2025-12-30 00:00:00+00:00,0.04598247,-0.00065137
2025-12-31 00:00:00+00:00,-0.03194078,-0.01875225
2026-01-02 00:00:00+00:00,0.00522271,-0.00212165
2026-01-05 00:00:00+00:00,0.03933538,0.01648378
2026-01-06 00:00:00+00:00,0.02871147,0.00226319
2026-01-07 00:00:00+00:00,-0.02476520,-0.00287047
2026-01-08 00:00:00+00:00,-0.01369365,-0.00472853
2026-01-09 00:00:00+00:00,0.01379275,0.00324408
2026-01-12 00:00:00+00:00,0.05423918,0.01184941
2026-01-13 00:00:00+00:00,-0.00296733,0.00136475
2026-01-14 00:00:00+00:00,0.01518350,0.00017013
2026-01-15 00:00:00+00:00,0.00838808,-0.00156828
2026-01-16 00:00:00+00:00,-0.01922020,-0.00616802
2026-01-20 00:00:00+00:00,0.04100133,0.02279896
2026-01-21 00:00:00+00:00,-0.02996837,0.02245207
2026-01-22 00:00:00+00:00,0.01831488,0.00744159
2026-01-23 00:00:00+00:00,0.00207533,0.01441649
2026-01-26 00:00:00+00:00,0.01386651,0.03587822
2026-01-27 00:00:00+00:00,-0.03701191,-0.00419509
2026-01-28 00:00:00+00:00,0.02292860,0.01729823
2026-01-29 00:00:00+00:00,0.06223571,-0.02962322
2026-01-30 00:00:00+00:00,-0.14679393,-0.03015671
2026-02-02 00:00:00+00:00,0.03421055,-0.02718787
2026-02-03 00:00:00+00:00,0.04863054,0.01623203
2026-02-04 00:00:00+00:00,-0.02415776,0.00489516
2026-02-05 00:00:00+00:00,-0.02529327,-0.00886105
2026-02-06 00:00:00+00:00,0.02009024,0.00529224
2026-02-09 00:00:00+00:00,0.03690378,0.00304996
2026-02-10 00:00:00+00:00,-0.00884821,-0.00294582
2026-02-11 00:00:00+00:00,0.01486723,0.00643902
2026-02-12 00:00:00+00:00,-0.04131983,-0.01372488
2026-02-13 00:00:00+00:00,0.01597749,0.00557479
2026-02-17 00:00:00+00:00,-0.01618658,-0.01509380
2026-02-18 00:00:00+00:00,0.01365841,0.01188945
2026-02-19 00:00:00+00:00,-0.00894838,-0.00049562
2026-02-20 00:00:00+00:00,0.02067390,0.00997248
2026-02-23 00:00:00+00:00,0.01851476,0.00138635
2026-02-24 00:00:00+00:00,0.01376184,0.00185208
2026-02-25 00:00:00+00:00,0.00405846,0.00569350
2026-02-26 00:00:00+00:00,-0.00411195,-0.00560934
2026-02-27 00:00:00+00:00,0.00099111,0.01068257
2026-03-02 00:00:00+00:00,-0.02863578,0.00045971
2026-03-03 00:00:00+00:00,-0.05411492,-0.00466860
2026-03-04 00:00:00+00:00,0.01262996,-0.00117895
2026-03-05 00:00:00+00:00,-0.05929975,0.00502326
2026-03-06 00:00:00+00:00,-0.04470045,0.01692843
2026-03-09 00:00:00+00:00,-0.00274851,0.00171733
2026-03-10 00:00:00+00:00,0.07586467,-0.00353904
2026-03-11 00:00:00+00:00,-0.04832638,0.00348687
2026-03-12 00:00:00+00:00,-0.04720147,0.00334583
2026-03-13 00:00:00+00:00,-0.03414685,-0.00668376
2026-03-16 00:00:00+00:00,0.01918177,-0.00702937
2026-03-17 00:00:00+00:00,-0.01622422,0.00206396
2026-03-18 00:00:00+00:00,-0.03924875,-0.00795358
2026-03-19 00:00:00+00:00,-0.05743498,-0.00972157
2026-03-20 00:00:00+00:00,-0.01448358,-0.00665504
2026-03-23 00:00:00+00:00,-0.05329060,-0.01385953
2026-03-24 00:00:00+00:00,0.02069985,0.00307274
2026-03-25 00:00:00+00:00,0.01121967,0.01029403
2026-03-26 00:00:00+00:00,-0.00799096,-0.00963469
2026-03-27 00:00:00+00:00,0.03737448,0.00464585
2026-03-30 00:00:00+00:00,0.01024591,-0.00107773
2026-03-31 00:00:00+00:00,0.01673604,0.01554485
2026-04-01 00:00:00+00:00,0.01669817,0.00259405
2026-04-02 00:00:00+00:00,0.01769699,0.00164233
2026-04-06 00:00:00+00:00,0.00427487,0.00245698
2026-04-07 00:00:00+00:00,-0.00004426,-0.00108495
2026-04-08 00:00:00+00:00,-0.04146741,-0.00120702
2026-04-09 00:00:00+00:00,0.01976305,0.00392875
2026-04-10 00:00:00+00:00,-0.00544346,-0.00114565
2026-04-13 00:00:00+00:00,0.00349923,0.00302276
2026-04-14 00:00:00+00:00,-0.01259011,0.00335886
2026-04-15 00:00:00+00:00,-0.00046981,0.00322188
2026-04-16 00:00:00+00:00,0.01151363,0.00224016
2026-04-17 00:00:00+00:00,-0.03047809,0.00136753
2026-04-20 00:00:00+00:00,0.01466493,0.00243265
2026-04-21 00:00:00+00:00,-0.00584020,-0.00437740
2026-04-22 00:00:00+00:00,0.01360598,0.00690532
2026-04-23 00:00:00+00:00,-0.00728753,-0.00566928
2026-04-24 00:00:00+00:00,0.01118618,-0.00187213
2026-04-27 00:00:00+00:00,-0.00467461,0.00262551
2026-04-28 00:00:00+00:00,-0.01131410,0.00064727
2026-04-29 00:00:00+00:00,-0.00370343,0.00151778
2026-04-30 00:00:00+00:00,0.01193505,0.00902131
2026-05-01 00:00:00+00:00,0.00888489,0.00261373
2026-05-04 00:00:00+00:00,-0.01281411,-0.00109341
2026-05-05 00:00:00+00:00,0.01186462,-0.00190477
2026-05-06 00:00:00+00:00,0.02808736,0.00310347
2026-05-07 00:00:00+00:00,0.00622192,0.00228093
2026-05-08 00:00:00+00:00,0.01331574,0.00725115
2026-05-11 00:00:00+00:00,0.00912424,0.01414741
2026-05-12 00:00:00+00:00,-0.00767227,0.00172075
2026-05-13 00:00:00+00:00,0.01315453,0.00613958
2026-05-14 00:00:00+00:00,0.00087584,-0.00665393
2026-05-15 00:00:00+00:00,-0.02525737,-0.01215823
2026-05-18 00:00:00+00:00,-0.00886900,0.00952934
2026-05-19 00:00:00+00:00,-0.00861541,-0.00536720
2026-05-20 00:00:00+00:00,0.01222519,-0.00407458
2026-05-21 00:00:00+00:00,-0.00061050,-0.00127272
2026-05-22 00:00:00+00:00,0.00224286,-0.00093350
2026-05-26 00:00:00+00:00,0.00258899,-0.00086029
2026-05-27 00:00:00+00:00,-0.01575225,-0.00411776
2026-05-28 00:00:00+00:00,0.00538372,0.01216379
2026-05-29 00:00:00+00:00,-0.00116740,-0.00121642
2026-06-01 00:00:00+00:00,0.01424118,0.00109257
2026-06-02 00:00:00+00:00,0.00615505,0.00262886
2026-06-03 00:00:00+00:00,0.00107820,-0.00623516
2026-06-04 00:00:00+00:00,-0.01022452,0.00052827
2026-06-05 00:00:00+00:00,-0.04208031,-0.02450885
2026-06-08 00:00:00+00:00,0.01141063,-0.00030181
2026-06-09 00:00:00+00:00,-0.02240250,-0.00884121
2026-06-10 00:00:00+00:00,-0.00974534,-0.00503184
2026-06-11 00:00:00+00:00,0.01097472,-0.00102089
2026-06-12 00:00:00+00:00,0.00847588,0.00884583
2026-06-15 00:00:00+00:00,0.01002274,0.00519636
2026-06-16 00:00:00+00:00,-0.02607756,-0.00238591
2026-06-17 00:00:00+00:00,0.00396406,0.00048505
2026-06-18 00:00:00+00:00,0.01122692,0.00164335
2026-06-22 00:00:00+00:00,0.00872725,-0.00357800
2026-06-23 00:00:00+00:00,-0.05090742,-0.02226624
2026-06-24 00:00:00+00:00,-0.02704402,-0.01082955
2026-06-25 00:00:00+00:00,0.01040662,0.01089521
2026-06-26 00:00:00+00:00,-0.00535763,-0.00492388
2026-06-29 00:00:00+00:00,0.01264932,-0.00154299
2026-06-30 00:00:00+00:00,0.01772534,0.00755133
2026-07-01 00:00:00+00:00,-0.00663580,-0.00153429
2026-07-02 00:00:00+00:00,-0.00910746,0.00118462
2026-07-06 00:00:00+00:00,0.01237377,0.01247141
2026-07-07 00:00:00+00:00,-0.01013554,-0.00057565
2026-07-08 00:00:00+00:00,-0.00808092,-0.00723590
2026-07-09 00:00:00+00:00,0.02123084,0.00005575
2026-07-10 00:00:00+00:00,0.00373152,-0.00033658
2026-07-13 00:00:00+00:00,-0.01196713,-0.00129645
2026-07-14 00:00:00+00:00,0.01159940,0.00651341
2026-07-15 00:00:00+00:00,-0.01035113,0.00078139
2026-07-16 00:00:00+00:00,-0.00944904,-0.00869693
2026-07-17 00:00:00+00:00,-0.01293140,0.00362211
2026-07-20 00:00:00+00:00,0.00911486,0.00194549
2026-07-21 00:00:00+00:00,0.02755775,0.01050422
2026-07-22 00:00:00+00:00,-0.00154373,0.00711769
2026-07-23 00:00:00+00:00,-0.00298236,-0.00539962
2026-07-24 00:00:00+00:00,-0.01532780,-0.00240316
2026-07-27 00:00:00+00:00,-0.01903211,-0.01191452
2026-07-28 00:00:00+00:00,-0.01585770,-0.00469197
2026-07-29 00:00:00+00:00,0.00088344,-0.00233564
2026-07-30 00:00:00+00:00,0.02549474,0.00805844
2026-07-31 00:00:00+00:00,0.00943971,-0.00219328
2026-08-03 00:00:00+00:00,-0.00428436,0.00350681
2026-08-04 00:00:00+00:00,0.01334423,0.00272686
2026-08-05 00:00:00+00:00,-0.00155788,0.00451463
2026-08-06 00:00:00+00:00,0.00559403,-0.00164838
2026-08-07 00:00:00+00:00,0.01384985,0.00606494
2026-08-10 00:00:00+00:00,0.01433098,0.00938217
2026-08-11 00:00:00+00:00,-0.00165528,-0.00106030
2026-08-12 00:00:00+00:00,0.00657363,0.00787222
2026-08-13 00:00:00+00:00,-0.00286682,-0.00455708
2026-08-14 00:00:00+00:00,0.00631077,0.00208949
2026-08-17 00:00:00+00:00,0.01022658,0.00473312
2026-08-18 00:00:00+00:00,-0.01797952,-0.00400271
2026-08-19 00:00:00+00:00,-0.00056983,0.01048477
2026-08-20 00:00:00+00:00,0.01003461,0.00039541
2026-08-21 00:00:00+00:00,0.01584971,0.00696631
2026-08-24 00:00:00+00:00,-0.00847411,-0.00153944
2026-08-25 00:00:00+00:00,-0.00021179,0.00265706
2026-08-26 00:00:00+00:00,-0.01050016,0.00232889
2026-08-27 00:00:00+00:00,0.00364259,0.00433201
2026-08-28 00:00:00+00:00,-0.00312930,-0.00446838
2026-08-31 00:00:00+00:00,0.00699360,0.00120877
2026-09-01 00:00:00+00:00,-0.00100165,-0.00105292
2026-09-02 00:00:00+00:00,0.00141804,0.00272320
2026-09-03 00:00:00+00:00,0.01375763,0.00783979
2026-09-04 00:00:00+00:00,-0.00035389,-0.00223771
2026-09-08 00:00:00+00:00,0.01738668,-0.00031444
2026-09-09 00:00:00+00:00,0.01989460,0.00049004
2026-09-10 00:00:00+00:00,-0.02138180,-0.00472800
2026-09-11 00:00:00+00:00,-0.00095331,-0.00266260
2026-09-14 00:00:00+00:00,-0.01408864,-0.00172571
2026-09-15 00:00:00+00:00,0.01277733,0.00772894
2026-09-16 00:00:00+00:00,0.00621106,-0.00050621
